1901,0107,小寒
1901,0122,大寒
1901,0205,立春
1901,0220,雨水
1901,0307,惊蛰
1901,0322,春分
1901,0406,清明
1901,0422,谷雨
1901,0507,立夏
1901,0523,小满
1901,0607,芒种
1901,0623,夏至
1901,0709,小暑
1901,0724,大暑
1901,0809,立秋
1901,0825,处暑
1901,0909,白露
1901,0925,秋分
1901,1010,寒露
1901,1025,霜降
1901,1109,立冬
1901,1124,小雪
1901,1209,大雪
1901,1223,冬至
1902,0107,小寒
1902,0122,大寒
1902,0206,立春
1902,0220,雨水
1902,0307,惊蛰
1902,0322,春分
1902,0407,清明
1902,0422,谷雨
1902,0507,立夏
1902,0523,小满
1902,0608,芒种
1902,0623,夏至
1902,0709,小暑
1902,0725,大暑
1902,0809,立秋
1902,0825,处暑
1902,0909,白露
1902,0925,秋分
1902,1010,寒露
1902,1025,霜降
1902,1109,立冬
1902,1124,小雪
1902,1209,大雪
1902,1224,冬至
1903,0107,小寒
1903,0122,大寒
1903,0206,立春
1903,0221,雨水
1903,0308,惊蛰
1903,0323,春分
1903,0407,清明
1903,0422,谷雨
1903,0508,立夏
1903,0523,小满
1903,0608,芒种
1903,0624,夏至
1903,0709,小暑
1903,0725,大暑
1903,0810,立秋
1903,0825,处暑
1903,0910,白露
1903,0925,秋分
1903,1010,寒露
1903,1025,霜降
1903,1109,立冬
1903,1124,小雪
1903,1209,大雪
1903,1224,冬至
1904,0108,小寒
1904,0122,大寒
1904,0206,立春
1904,0221,雨水
1904,0307,惊蛰
1904,0322,春分
1904,0406,清明
1904,0421,谷雨
1904,0507,立夏
1904,0522,小满
1904,0607,芒种
1904,0623,夏至
1904,0708,小暑
1904,0724,大暑
1904,0809,立秋
1904,0824,处暑
1904,0909,白露
1904,0924,秋分
1904,1010,寒露
1904,1025,霜降
1904,1109,立冬
1904,1124,小雪
1904,1208,大雪
1904,1223,冬至
1905,0107,小寒
1905,0122,大寒
1905,0205,立春
1905,0220,雨水
1905,0307,惊蛰
1905,0322,春分
1905,0406,清明
1905,0422,谷雨
1905,0507,立夏
1905,0523,小满
1905,0607,芒种
1905,0623,夏至
1905,0709,小暑
1905,0724,大暑
1905,0809,立秋
1905,0825,处暑
1905,0909,白露
1905,0925,秋分
1905,1010,寒露
1905,1025,霜降
1905,1109,立冬
1905,1124,小雪
1905,1209,大雪
1905,1223,冬至
1906,0107,小寒
1906,0122,大寒
1906,0206,立春
1906,0220,雨水
1906,0307,惊蛰
1906,0322,春分
1906,0407,清明
1906,0422,谷雨
1906,0507,立夏
1906,0523,小满
1906,0608,芒种
1906,0623,夏至
1906,0709,小暑
1906,0725,大暑
1906,0809,立秋
1906,0825,处暑
1906,0909,白露
1906,0925,秋分
1906,1010,寒露
1906,1025,霜降
1906,1109,立冬
1906,1124,小雪
1906,1209,大雪
1906,1224,冬至
1907,0107,小寒
1907,0122,大寒
1907,0206,立春
1907,0221,雨水
1907,0308,惊蛰
1907,0323,春分
1907,0407,清明
1907,0422,谷雨
1907,0508,立夏
1907,0523,小满
1907,0608,芒种
1907,0623,夏至
1907,0709,小暑
1907,0725,大暑
1907,0810,立秋
1907,0825,处暑
1907,0910,白露
1907,0925,秋分
1907,1010,寒露
1907,1025,霜降
1907,1109,立冬
1907,1124,小雪
1907,1209,大雪
1907,1224,冬至
1908,0108,小寒
1908,0122,大寒
1908,0206,立春
1908,0221,雨水
1908,0307,惊蛰
1908,0322,春分
1908,0406,清明
1908,0421,谷雨
1908,0507,立夏
1908,0522,小满
1908,0607,芒种
1908,0623,夏至
1908,0708,小暑
1908,0724,大暑
1908,0809,立秋
1908,0824,处暑
1908,0909,白露
1908,0924,秋分
1908,1010,寒露
1908,1025,霜降
1908,1109,立冬
1908,1124,小雪
1908,1208,大雪
1908,1223,冬至
1909,0107,小寒
1909,0122,大寒
1909,0205,立春
1909,0220,雨水
1909,0307,惊蛰
1909,0322,春分
1909,0406,清明
1909,0422,谷雨
1909,0507,立夏
1909,0523,小满
1909,0607,芒种
1909,0623,夏至
1909,0709,小暑
1909,0724,大暑
1909,0809,立秋
1909,0825,处暑
1909,0909,白露
1909,0925,秋分
1909,1010,寒露
1909,1025,霜降
1909,1109,立冬
1909,1124,小雪
1909,1209,大雪
1909,1223,冬至
1910,0107,小寒
1910,0122,大寒
1910,0206,立春
1910,0220,雨水
1910,0307,惊蛰
1910,0322,春分
1910,0407,清明
1910,0422,谷雨
1910,0507,立夏
1910,0523,小满
1910,0607,芒种
1910,0623,夏至
1910,0709,小暑
1910,0725,大暑
1910,0809,立秋
1910,0825,处暑
1910,0909,白露
1910,0925,秋分
1910,1010,寒露
1910,1025,霜降
1910,1109,立冬
1910,1124,小雪
1910,1209,大雪
1910,1224,冬至
1911,0107,小寒
1911,0122,大寒
1911,0206,立春
1911,0221,雨水
1911,0308,惊蛰
1911,0323,春分
1911,0407,清明
1911,0422,谷雨
1911,0508,立夏
1911,0523,小满
1911,0608,芒种
1911,0623,夏至
1911,0709,小暑
1911,0725,大暑
1911,0810,立秋
1911,0825,处暑
1911,0910,白露
1911,0925,秋分
1911,1010,寒露
1911,1025,霜降
1911,1109,立冬
1911,1124,小雪
1911,1209,大雪
1911,1224,冬至
1912,0108,小寒
1912,0122,大寒
1912,0206,立春
1912,0221,雨水
1912,0307,惊蛰
1912,0322,春分
1912,0406,清明
1912,0421,谷雨
1912,0507,立夏
1912,0522,小满
1912,0607,芒种
1912,0623,夏至
1912,0708,小暑
1912,0724,大暑
1912,0809,立秋
1912,0824,处暑
1912,0909,白露
1912,0924,秋分
1912,1010,寒露
1912,1025,霜降
1912,1109,立冬
1912,1124,小雪
1912,1208,大雪
1912,1223,冬至
1913,0107,小寒
1913,0122,大寒
1913,0205,立春
1913,0220,雨水
1913,0307,惊蛰
1913,0322,春分
1913,0406,清明
1913,0422,谷雨
1913,0507,立夏
1913,0523,小满
1913,0607,芒种
1913,0623,夏至
1913,0709,小暑
1913,0724,大暑
1913,0809,立秋
1913,0825,处暑
1913,0909,白露
1913,0925,秋分
1913,1010,寒露
1913,1025,霜降
1913,1109,立冬
1913,1124,小雪
1913,1209,大雪
1913,1223,冬至
1914,0107,小寒
1914,0122,大寒
1914,0206,立春
1914,0220,雨水
1914,0307,惊蛰
1914,0322,春分
1914,0407,清明
1914,0422,谷雨
1914,0507,立夏
1914,0523,小满
1914,0607,芒种
1914,0623,夏至
1914,0709,小暑
1914,0725,大暑
1914,0809,立秋
1914,0825,处暑
1914,0909,白露
1914,0925,秋分
1914,1010,寒露
1914,1025,霜降
1914,1109,立冬
1914,1124,小雪
1914,1209,大雪
1914,1224,冬至
1915,0107,小寒
1915,0122,大寒
1915,0206,立春
1915,0221,雨水
1915,0308,惊蛰
1915,0323,春分
1915,0407,清明
1915,0422,谷雨
1915,0508,立夏
1915,0523,小满
1915,0608,芒种
1915,0623,夏至
1915,0709,小暑
1915,0725,大暑
1915,0810,立秋
1915,0825,处暑
1915,0910,白露
1915,0925,秋分
1915,1010,寒露
1915,1025,霜降
1915,1109,立冬
1915,1124,小雪
1915,1209,大雪
1915,1224,冬至
1916,0108,小寒
1916,0122,大寒
1916,0206,立春
1916,0221,雨水
1916,0307,惊蛰
1916,0322,春分
1916,0406,清明
1916,0421,谷雨
1916,0507,立夏
1916,0522,小满
1916,0607,芒种
1916,0623,夏至
1916,0708,小暑
1916,0724,大暑
1916,0809,立秋
1916,0824,处暑
1916,0909,白露
1916,0924,秋分
1916,1010,寒露
1916,1025,霜降
1916,1109,立冬
1916,1123,小雪
1916,1208,大雪
1916,1223,冬至
1917,0107,小寒
1917,0121,大寒
1917,0205,立春
1917,0220,雨水
1917,0307,惊蛰
1917,0322,春分
1917,0406,清明
1917,0422,谷雨
1917,0507,立夏
1917,0523,小满
1917,0607,芒种
1917,0623,夏至
1917,0709,小暑
1917,0724,大暑
1917,0809,立秋
1917,0825,处暑
1917,0909,白露
1917,0925,秋分
1917,1010,寒露
1917,1025,霜降
1917,1109,立冬
1917,1124,小雪
1917,1209,大雪
1917,1223,冬至
1918,0107,小寒
1918,0122,大寒
1918,0205,立春
1918,0220,雨水
1918,0307,惊蛰
1918,0322,春分
1918,0406,清明
1918,0422,谷雨
1918,0507,立夏
1918,0523,小满
1918,0607,芒种
1918,0623,夏至
1918,0709,小暑
1918,0725,大暑
1918,0809,立秋
1918,0825,处暑
1918,0909,白露
1918,0925,秋分
1918,1010,寒露
1918,1025,霜降
1918,1109,立冬
1918,1124,小雪
1918,1209,大雪
1918,1224,冬至
1919,0107,小寒
1919,0122,大寒
1919,0206,立春
1919,0221,雨水
1919,0307,惊蛰
1919,0323,春分
1919,0407,清明
1919,0422,谷雨
1919,0507,立夏
1919,0523,小满
1919,0608,芒种
1919,0623,夏至
1919,0709,小暑
1919,0725,大暑
1919,0810,立秋
1919,0825,处暑
1919,0910,白露
1919,0925,秋分
1919,1010,寒露
1919,1025,霜降
1919,1109,立冬
1919,1124,小雪
1919,1209,大雪
1919,1224,冬至
1920,0107,小寒
1920,0122,大寒
1920,0206,立春
1920,0221,雨水
1920,0307,惊蛰
1920,0322,春分
1920,0406,清明
1920,0421,谷雨
1920,0507,立夏
1920,0522,小满
1920,0607,芒种
1920,0623,夏至
1920,0708,小暑
1920,0724,大暑
1920,0809,立秋
1920,0824,处暑
1920,0909,白露
1920,0924,秋分
1920,1009,寒露
1920,1025,霜降
1920,1109,立冬
1920,1123,小雪
1920,1208,大雪
1920,1223,冬至
1921,0107,小寒
1921,0121,大寒
1921,0205,立春
1921,0220,雨水
1921,0307,惊蛰
1921,0322,春分
1921,0406,清明
1921,0422,谷雨
1921,0507,立夏
1921,0523,小满
1921,0607,芒种
1921,0623,夏至
1921,0709,小暑
1921,0724,大暑
1921,0809,立秋
1921,0825,处暑
1921,0909,白露
1921,0924,秋分
1921,1010,寒露
1921,1025,霜降
1921,1109,立冬
1921,1124,小雪
1921,1209,大雪
1921,1223,冬至
1922,0107,小寒
1922,0122,大寒
1922,0205,立春
1922,0220,雨水
1922,0307,惊蛰
1922,0322,春分
1922,0406,清明
1922,0422,谷雨
1922,0507,立夏
1922,0523,小满
1922,0607,芒种
1922,0623,夏至
1922,0709,小暑
1922,0725,大暑
1922,0809,立秋
1922,0825,处暑
1922,0909,白露
1922,0925,秋分
1922,1010,寒露
1922,1025,霜降
1922,1109,立冬
1922,1124,小雪
1922,1209,大雪
1922,1223,冬至
1923,0107,小寒
1923,0122,大寒
1923,0206,立春
1923,0221,雨水
1923,0307,惊蛰
1923,0323,春分
1923,0407,清明
1923,0422,谷雨
1923,0507,立夏
1923,0523,小满
1923,0608,芒种
1923,0623,夏至
1923,0709,小暑
1923,0725,大暑
1923,0809,立秋
1923,0825,处暑
1923,0910,白露
1923,0925,秋分
1923,1010,寒露
1923,1025,霜降
1923,1109,立冬
1923,1124,小雪
1923,1209,大雪
1923,1224,冬至
1924,0107,小寒
1924,0122,大寒
1924,0206,立春
1924,0221,雨水
1924,0307,惊蛰
1924,0322,春分
1924,0406,清明
1924,0421,谷雨
1924,0507,立夏
1924,0522,小满
1924,0607,芒种
1924,0623,夏至
1924,0708,小暑
1924,0724,大暑
1924,0809,立秋
1924,0824,处暑
1924,0909,白露
1924,0924,秋分
1924,1009,寒露
1924,1025,霜降
1924,1109,立冬
1924,1123,小雪
1924,1208,大雪
1924,1223,冬至
1925,0107,小寒
1925,0121,大寒
1925,0205,立春
1925,0220,雨水
1925,0307,惊蛰
1925,0322,春分
1925,0406,清明
1925,0421,谷雨
1925,0507,立夏
1925,0522,小满
1925,0607,芒种
1925,0623,夏至
1925,0709,小暑
1925,0724,大暑
1925,0809,立秋
1925,0825,处暑
1925,0909,白露
1925,0924,秋分
1925,1010,寒露
1925,1025,霜降
1925,1109,立冬
1925,1124,小雪
1925,1208,大雪
1925,1223,冬至
1926,0107,小寒
1926,0122,大寒
1926,0205,立春
1926,0220,雨水
1926,0307,惊蛰
1926,0322,春分
1926,0406,清明
1926,0422,谷雨
1926,0507,立夏
1926,0523,小满
1926,0607,芒种
1926,0623,夏至
1926,0709,小暑
1926,0725,大暑
1926,0809,立秋
1926,0825,处暑
1926,0909,白露
1926,0925,秋分
1926,1010,寒露
1926,1025,霜降
1926,1109,立冬
1926,1124,小雪
1926,1209,大雪
1926,1223,冬至
1927,0107,小寒
1927,0122,大寒
1927,0206,立春
1927,0221,雨水
1927,0307,惊蛰
1927,0322,春分
1927,0407,清明
1927,0422,谷雨
1927,0507,立夏
1927,0523,小满
1927,0608,芒种
1927,0623,夏至
1927,0709,小暑
1927,0725,大暑
1927,0809,立秋
1927,0825,处暑
1927,0910,白露
1927,0925,秋分
1927,1010,寒露
1927,1025,霜降
1927,1109,立冬
1927,1124,小雪
1927,1209,大雪
1927,1224,冬至
1928,0107,小寒
1928,0122,大寒
1928,0206,立春
1928,0221,雨水
1928,0307,惊蛰
1928,0322,春分
1928,0406,清明
1928,0421,谷雨
1928,0507,立夏
1928,0522,小满
1928,0607,芒种
1928,0623,夏至
1928,0708,小暑
1928,0724,大暑
1928,0809,立秋
1928,0824,处暑
1928,0909,白露
1928,0924,秋分
1928,1009,寒露
1928,1025,霜降
1928,1109,立冬
1928,1123,小雪
1928,1208,大雪
1928,1223,冬至
1929,0107,小寒
1929,0121,大寒
1929,0205,立春
1929,0220,雨水
1929,0307,惊蛰
1929,0322,春分
1929,0406,清明
1929,0421,谷雨
1929,0507,立夏
1929,0522,小满
1929,0607,芒种
1929,0623,夏至
1929,0709,小暑
1929,0724,大暑
1929,0809,立秋
1929,0825,处暑
1929,0909,白露
1929,0924,秋分
1929,1010,寒露
1929,1025,霜降
1929,1109,立冬
1929,1124,小雪
1929,1208,大雪
1929,1223,冬至
1930,0107,小寒
1930,0122,大寒
1930,0205,立春
1930,0220,雨水
1930,0307,惊蛰
1930,0322,春分
1930,0406,清明
1930,0422,谷雨
1930,0507,立夏
1930,0523,小满
1930,0607,芒种
1930,0623,夏至
1930,0709,小暑
1930,0725,大暑
1930,0809,立秋
1930,0825,处暑
1930,0909,白露
1930,0925,秋分
1930,1010,寒露
1930,1025,霜降
1930,1109,立冬
1930,1124,小雪
1930,1209,大雪
1930,1223,冬至
1931,0107,小寒
1931,0122,大寒
1931,0206,立春
1931,0220,雨水
1931,0307,惊蛰
1931,0322,春分
1931,0407,清明
1931,0422,谷雨
1931,0507,立夏
1931,0523,小满
1931,0608,芒种
1931,0623,夏至
1931,0709,小暑
1931,0725,大暑
1931,0809,立秋
1931,0825,处暑
1931,0910,白露
1931,0925,秋分
1931,1010,寒露
1931,1025,霜降
1931,1109,立冬
1931,1124,小雪
1931,1209,大雪
1931,1224,冬至
1932,0107,小寒
1932,0122,大寒
1932,0206,立春
1932,0221,雨水
1932,0307,惊蛰
1932,0322,春分
1932,0406,清明
1932,0421,谷雨
1932,0507,立夏
1932,0522,小满
1932,0607,芒种
1932,0623,夏至
1932,0708,小暑
1932,0724,大暑
1932,0809,立秋
1932,0824,处暑
1932,0909,白露
1932,0924,秋分
1932,1009,寒露
1932,1024,霜降
1932,1108,立冬
1932,1123,小雪
1932,1208,大雪
1932,1223,冬至
1933,0107,小寒
1933,0121,大寒
1933,0205,立春
1933,0220,雨水
1933,0307,惊蛰
1933,0322,春分
1933,0406,清明
1933,0421,谷雨
1933,0507,立夏
1933,0522,小满
1933,0607,芒种
1933,0623,夏至
1933,0709,小暑
1933,0724,大暑
1933,0809,立秋
1933,0825,处暑
1933,0909,白露
1933,0924,秋分
1933,1010,寒露
1933,1025,霜降
1933,1109,立冬
1933,1124,小雪
1933,1208,大雪
1933,1223,冬至
1934,0107,小寒
1934,0122,大寒
1934,0205,立春
1934,0220,雨水
1934,0307,惊蛰
1934,0322,春分
1934,0406,清明
1934,0422,谷雨
1934,0507,立夏
1934,0523,小满
1934,0607,芒种
1934,0623,夏至
1934,0709,小暑
1934,0724,大暑
1934,0809,立秋
1934,0825,处暑
1934,0909,白露
1934,0925,秋分
1934,1010,寒露
1934,1025,霜降
1934,1109,立冬
1934,1124,小雪
1934,1209,大雪
1934,1223,冬至
1935,0107,小寒
1935,0122,大寒
1935,0206,立春
1935,0220,雨水
1935,0307,惊蛰
1935,0322,春分
1935,0407,清明
1935,0422,谷雨
1935,0507,立夏
1935,0523,小满
1935,0608,芒种
1935,0623,夏至
1935,0709,小暑
1935,0725,大暑
1935,0809,立秋
1935,0825,处暑
1935,0909,白露
1935,0925,秋分
1935,1010,寒露
1935,1025,霜降
1935,1109,立冬
1935,1124,小雪
1935,1209,大雪
1935,1224,冬至
1936,0107,小寒
1936,0122,大寒
1936,0206,立春
1936,0221,雨水
1936,0307,惊蛰
1936,0322,春分
1936,0406,清明
1936,0421,谷雨
1936,0507,立夏
1936,0522,小满
1936,0607,芒种
1936,0622,夏至
1936,0708,小暑
1936,0724,大暑
1936,0809,立秋
1936,0824,处暑
1936,0909,白露
1936,0924,秋分
1936,1009,寒露
1936,1024,霜降
1936,1108,立冬
1936,1123,小雪
1936,1208,大雪
1936,1223,冬至
1937,0107,小寒
1937,0121,大寒
1937,0205,立春
1937,0220,雨水
1937,0307,惊蛰
1937,0322,春分
1937,0406,清明
1937,0421,谷雨
1937,0507,立夏
1937,0522,小满
1937,0607,芒种
1937,0623,夏至
1937,0708,小暑
1937,0724,大暑
1937,0809,立秋
1937,0824,处暑
1937,0909,白露
1937,0924,秋分
1937,1010,寒露
1937,1025,霜降
1937,1109,立冬
1937,1124,小雪
1937,1208,大雪
1937,1223,冬至
1938,0107,小寒
1938,0122,大寒
1938,0205,立春
1938,0220,雨水
1938,0307,惊蛰
1938,0322,春分
1938,0406,清明
1938,0422,谷雨
1938,0507,立夏
1938,0523,小满
1938,0607,芒种
1938,0623,夏至
1938,0709,小暑
1938,0724,大暑
1938,0809,立秋
1938,0825,处暑
1938,0909,白露
1938,0925,秋分
1938,1010,寒露
1938,1025,霜降
1938,1109,立冬
1938,1124,小雪
1938,1209,大雪
1938,1223,冬至
1939,0107,小寒
1939,0122,大寒
1939,0206,立春
1939,0220,雨水
1939,0307,惊蛰
1939,0322,春分
1939,0407,清明
1939,0422,谷雨
1939,0507,立夏
1939,0523,小满
1939,0608,芒种
1939,0623,夏至
1939,0709,小暑
1939,0725,大暑
1939,0809,立秋
1939,0825,处暑
1939,0909,白露
1939,0925,秋分
1939,1010,寒露
1939,1025,霜降
1939,1109,立冬
1939,1124,小雪
1939,1209,大雪
1939,1224,冬至
1940,0107,小寒
1940,0122,大寒
1940,0206,立春
1940,0221,雨水
1940,0307,惊蛰
1940,0322,春分
1940,0406,清明
1940,0421,谷雨
1940,0507,立夏
1940,0522,小满
1940,0607,芒种
1940,0622,夏至
1940,0708,小暑
1940,0724,大暑
1940,0809,立秋
1940,0824,处暑
1940,0909,白露
1940,0924,秋分
1940,1009,寒露
1940,1024,霜降
1940,1108,立冬
1940,1123,小雪
1940,1208,大雪
1940,1223,冬至
1941,0107,小寒
1941,0121,大寒
1941,0205,立春
1941,0220,雨水
1941,0307,惊蛰
1941,0322,春分
1941,0406,清明
1941,0421,谷雨
1941,0507,立夏
1941,0522,小满
1941,0607,芒种
1941,0623,夏至
1941,0708,小暑
1941,0724,大暑
1941,0809,立秋
1941,0824,处暑
1941,0909,白露
1941,0924,秋分
1941,1010,寒露
1941,1025,霜降
1941,1109,立冬
1941,1124,小雪
1941,1208,大雪
1941,1223,冬至
1942,0107,小寒
1942,0122,大寒
1942,0205,立春
1942,0220,雨水
1942,0307,惊蛰
1942,0322,春分
1942,0406,清明
1942,0422,谷雨
1942,0507,立夏
1942,0523,小满
1942,0607,芒种
1942,0623,夏至
1942,0709,小暑
1942,0724,大暑
1942,0809,立秋
1942,0825,处暑
1942,0909,白露
1942,0925,秋分
1942,1010,寒露
1942,1025,霜降
1942,1109,立冬
1942,1124,小雪
1942,1209,大雪
1942,1223,冬至
1943,0107,小寒
1943,0122,大寒
1943,0206,立春
1943,0220,雨水
1943,0307,惊蛰
1943,0322,春分
1943,0407,清明
1943,0422,谷雨
1943,0507,立夏
1943,0523,小满
1943,0607,芒种
1943,0623,夏至
1943,0709,小暑
1943,0725,大暑
1943,0809,立秋
1943,0825,处暑
1943,0909,白露
1943,0925,秋分
1943,1010,寒露
1943,1025,霜降
1943,1109,立冬
1943,1124,小雪
1943,1209,大雪
1943,1224,冬至
1944,0107,小寒
1944,0122,大寒
1944,0206,立春
1944,0221,雨水
1944,0307,惊蛰
1944,0322,春分
1944,0406,清明
1944,0421,谷雨
1944,0507,立夏
1944,0522,小满
1944,0607,芒种
1944,0622,夏至
1944,0708,小暑
1944,0724,大暑
1944,0809,立秋
1944,0824,处暑
1944,0909,白露
1944,0924,秋分
1944,1009,寒露
1944,1024,霜降
1944,1108,立冬
1944,1123,小雪
1944,1208,大雪
1944,1223,冬至
1945,0107,小寒
1945,0121,大寒
1945,0205,立春
1945,0220,雨水
1945,0307,惊蛰
1945,0322,春分
1945,0406,清明
1945,0421,谷雨
1945,0507,立夏
1945,0522,小满
1945,0607,芒种
1945,0623,夏至
1945,0708,小暑
1945,0724,大暑
1945,0809,立秋
1945,0824,处暑
1945,0909,白露
1945,0924,秋分
1945,1010,寒露
1945,1025,霜降
1945,1109,立冬
1945,1124,小雪
1945,1208,大雪
1945,1223,冬至
1946,0107,小寒
1946,0121,大寒
1946,0205,立春
1946,0220,雨水
1946,0307,惊蛰
1946,0322,春分
1946,0406,清明
1946,0422,谷雨
1946,0507,立夏
1946,0523,小满
1946,0607,芒种
1946,0623,夏至
1946,0709,小暑
1946,0724,大暑
1946,0809,立秋
1946,0825,处暑
1946,0909,白露
1946,0925,秋分
1946,1010,寒露
1946,1025,霜降
1946,1109,立冬
1946,1124,小雪
1946,1209,大雪
1946,1223,冬至
1947,0107,小寒
1947,0122,大寒
1947,0206,立春
1947,0220,雨水
1947,0307,惊蛰
1947,0322,春分
1947,0407,清明
1947,0422,谷雨
1947,0507,立夏
1947,0523,小满
1947,0607,芒种
1947,0623,夏至
1947,0709,小暑
1947,0725,大暑
1947,0809,立秋
1947,0825,处暑
1947,0909,白露
1947,0925,秋分
1947,1010,寒露
1947,1025,霜降
1947,1109,立冬
1947,1124,小雪
1947,1209,大雪
1947,1224,冬至
1948,0107,小寒
1948,0122,大寒
1948,0206,立春
1948,0221,雨水
1948,0307,惊蛰
1948,0322,春分
1948,0406,清明
1948,0421,谷雨
1948,0506,立夏
1948,0522,小满
1948,0607,芒种
1948,0622,夏至
1948,0708,小暑
1948,0724,大暑
1948,0809,立秋
1948,0824,处暑
1948,0909,白露
1948,0924,秋分
1948,1009,寒露
1948,1024,霜降
1948,1108,立冬
1948,1123,小雪
1948,1208,大雪
1948,1223,冬至
1949,0106,小寒
1949,0121,大寒
1949,0205,立春
1949,0220,雨水
1949,0307,惊蛰
1949,0322,春分
1949,0406,清明
1949,0421,谷雨
1949,0507,立夏
1949,0522,小满
1949,0607,芒种
1949,0623,夏至
1949,0708,小暑
1949,0724,大暑
1949,0809,立秋
1949,0824,处暑
1949,0909,白露
1949,0924,秋分
1949,1010,寒露
1949,1025,霜降
1949,1109,立冬
1949,1123,小雪
1949,1208,大雪
1949,1223,冬至
1950,0107,小寒
1950,0121,大寒
1950,0205,立春
1950,0220,雨水
1950,0307,惊蛰
1950,0322,春分
1950,0406,清明
1950,0422,谷雨
1950,0507,立夏
1950,0523,小满
1950,0607,芒种
1950,0623,夏至
1950,0709,小暑
1950,0724,大暑
1950,0809,立秋
1950,0825,处暑
1950,0909,白露
1950,0925,秋分
1950,1010,寒露
1950,1025,霜降
1950,1109,立冬
1950,1124,小雪
1950,1209,大雪
1950,1223,冬至
1951,0107,小寒
1951,0122,大寒
1951,0205,立春
1951,0220,雨水
1951,0307,惊蛰
1951,0322,春分
1951,0406,清明
1951,0422,谷雨
1951,0507,立夏
1951,0523,小满
1951,0607,芒种
1951,0623,夏至
1951,0709,小暑
1951,0725,大暑
1951,0809,立秋
1951,0825,处暑
1951,0909,白露
1951,0925,秋分
1951,1010,寒露
1951,1025,霜降
1951,1109,立冬
1951,1124,小雪
1951,1209,大雪
1951,1224,冬至
1952,0107,小寒
1952,0122,大寒
1952,0206,立春
1952,0221,雨水
1952,0306,惊蛰
1952,0322,春分
1952,0406,清明
1952,0421,谷雨
1952,0506,立夏
1952,0522,小满
1952,0607,芒种
1952,0622,夏至
1952,0708,小暑
1952,0724,大暑
1952,0809,立秋
1952,0824,处暑
1952,0909,白露
1952,0924,秋分
1952,1009,寒露
1952,1024,霜降
1952,1108,立冬
1952,1123,小雪
1952,1208,大雪
1952,1223,冬至
1953,0106,小寒
1953,0121,大寒
1953,0205,立春
1953,0220,雨水
1953,0307,惊蛰
1953,0322,春分
1953,0406,清明
1953,0421,谷雨
1953,0507,立夏
1953,0522,小满
1953,0607,芒种
1953,0623,夏至
1953,0708,小暑
1953,0724,大暑
1953,0809,立秋
1953,0824,处暑
1953,0909,白露
1953,0924,秋分
1953,1009,寒露
1953,1025,霜降
1953,1109,立冬
1953,1123,小雪
1953,1208,大雪
1953,1223,冬至
1954,0107,小寒
1954,0121,大寒
1954,0205,立春
1954,0220,雨水
1954,0307,惊蛰
1954,0322,春分
1954,0406,清明
1954,0422,谷雨
1954,0507,立夏
1954,0523,小满
1954,0607,芒种
1954,0623,夏至
1954,0709,小暑
1954,0724,大暑
1954,0809,立秋
1954,0825,处暑
1954,0909,白露
1954,0924,秋分
1954,1010,寒露
1954,1025,霜降
1954,1109,立冬
1954,1124,小雪
1954,1208,大雪
1954,1223,冬至
1955,0107,小寒
1955,0122,大寒
1955,0205,立春
1955,0220,雨水
1955,0307,惊蛰
1955,0322,春分
1955,0406,清明
1955,0422,谷雨
1955,0507,立夏
1955,0523,小满
1955,0607,芒种
1955,0623,夏至
1955,0709,小暑
1955,0725,大暑
1955,0809,立秋
1955,0825,处暑
1955,0909,白露
1955,0925,秋分
1955,1010,寒露
1955,1025,霜降
1955,1109,立冬
1955,1124,小雪
1955,1209,大雪
1955,1223,冬至
1956,0107,小寒
1956,0122,大寒
1956,0206,立春
1956,0221,雨水
1956,0306,惊蛰
1956,0322,春分
1956,0406,清明
1956,0421,谷雨
1956,0506,立夏
1956,0522,小满
1956,0607,芒种
1956,0622,夏至
1956,0708,小暑
1956,0724,大暑
1956,0808,立秋
1956,0824,处暑
1956,0909,白露
1956,0924,秋分
1956,1009,寒露
1956,1024,霜降
1956,1108,立冬
1956,1123,小雪
1956,1208,大雪
1956,1223,冬至
1957,0106,小寒
1957,0121,大寒
1957,0205,立春
1957,0220,雨水
1957,0307,惊蛰
1957,0322,春分
1957,0406,清明
1957,0421,谷雨
1957,0507,立夏
1957,0522,小满
1957,0607,芒种
1957,0623,夏至
1957,0708,小暑
1957,0724,大暑
1957,0809,立秋
1957,0824,处暑
1957,0909,白露
1957,0924,秋分
1957,1009,寒露
1957,1025,霜降
1957,1109,立冬
1957,1123,小雪
1957,1208,大雪
1957,1223,冬至
1958,0107,小寒
1958,0121,大寒
1958,0205,立春
1958,0220,雨水
1958,0307,惊蛰
1958,0322,春分
1958,0406,清明
1958,0421,谷雨
1958,0507,立夏
1958,0522,小满
1958,0607,芒种
1958,0623,夏至
1958,0709,小暑
1958,0724,大暑
1958,0809,立秋
1958,0825,处暑
1958,0909,白露
1958,0924,秋分
1958,1010,寒露
1958,1025,霜降
1958,1109,立冬
1958,1124,小雪
1958,1208,大雪
1958,1223,冬至
1959,0107,小寒
1959,0122,大寒
1959,0205,立春
1959,0220,雨水
1959,0307,惊蛰
1959,0322,春分
1959,0406,清明
1959,0422,谷雨
1959,0507,立夏
1959,0523,小满
1959,0607,芒种
1959,0623,夏至
1959,0709,小暑
1959,0725,大暑
1959,0809,立秋
1959,0825,处暑
1959,0909,白露
1959,0925,秋分
1959,1010,寒露
1959,1025,霜降
1959,1109,立冬
1959,1124,小雪
1959,1209,大雪
1959,1223,冬至
1960,0107,小寒
1960,0122,大寒
1960,0206,立春
1960,0220,雨水
1960,0306,惊蛰
1960,0321,春分
1960,0406,清明
1960,0421,谷雨
1960,0506,立夏
1960,0522,小满
1960,0607,芒种
1960,0622,夏至
1960,0708,小暑
1960,0724,大暑
1960,0808,立秋
1960,0824,处暑
1960,0909,白露
1960,0924,秋分
1960,1009,寒露
1960,1024,霜降
1960,1108,立冬
1960,1123,小雪
1960,1208,大雪
1960,1223,冬至
1961,0106,小寒
1961,0121,大寒
1961,0205,立春
1961,0220,雨水
1961,0307,惊蛰
1961,0322,春分
1961,0406,清明
1961,0421,谷雨
1961,0507,立夏
1961,0522,小满
1961,0607,芒种
1961,0623,夏至
1961,0708,小暑
1961,0724,大暑
1961,0809,立秋
1961,0824,处暑
1961,0909,白露
1961,0924,秋分
1961,1009,寒露
1961,1025,霜降
1961,1109,立冬
1961,1123,小雪
1961,1208,大雪
1961,1223,冬至
1962,0107,小寒
1962,0121,大寒
1962,0205,立春
1962,0220,雨水
1962,0307,惊蛰
1962,0322,春分
1962,0406,清明
1962,0421,谷雨
1962,0507,立夏
1962,0522,小满
1962,0607,芒种
1962,0623,夏至
1962,0709,小暑
1962,0724,大暑
1962,0809,立秋
1962,0825,处暑
1962,0909,白露
1962,0924,秋分
1962,1010,寒露
1962,1025,霜降
1962,1109,立冬
1962,1124,小雪
1962,1208,大雪
1962,1223,冬至
1963,0107,小寒
1963,0122,大寒
1963,0205,立春
1963,0220,雨水
1963,0307,惊蛰
1963,0322,春分
1963,0406,清明
1963,0422,谷雨
1963,0507,立夏
1963,0523,小满
1963,0607,芒种
1963,0623,夏至
1963,0709,小暑
1963,0724,大暑
1963,0809,立秋
1963,0825,处暑
1963,0909,白露
1963,0925,秋分
1963,1010,寒露
1963,1025,霜降
1963,1109,立冬
1963,1124,小雪
1963,1209,大雪
1963,1223,冬至
1964,0107,小寒
1964,0122,大寒
1964,0206,立春
1964,0220,雨水
1964,0306,惊蛰
1964,0321,春分
1964,0406,清明
1964,0421,谷雨
1964,0506,立夏
1964,0522,小满
1964,0607,芒种
1964,0622,夏至
1964,0708,小暑
1964,0724,大暑
1964,0808,立秋
1964,0824,处暑
1964,0909,白露
1964,0924,秋分
1964,1009,寒露
1964,1024,霜降
1964,1108,立冬
1964,1123,小雪
1964,1208,大雪
1964,1223,冬至
1965,0106,小寒
1965,0121,大寒
1965,0205,立春
1965,0220,雨水
1965,0307,惊蛰
1965,0322,春分
1965,0406,清明
1965,0421,谷雨
1965,0507,立夏
1965,0522,小满
1965,0607,芒种
1965,0623,夏至
1965,0708,小暑
1965,0724,大暑
1965,0809,立秋
1965,0824,处暑
1965,0909,白露
1965,0924,秋分
1965,1009,寒露
1965,1024,霜降
1965,1108,立冬
1965,1123,小雪
1965,1208,大雪
1965,1223,冬至
1966,0107,小寒
1966,0121,大寒
1966,0205,立春
1966,0220,雨水
1966,0307,惊蛰
1966,0322,春分
1966,0406,清明
1966,0421,谷雨
1966,0507,立夏
1966,0522,小满
1966,0607,芒种
1966,0623,夏至
1966,0708,小暑
1966,0724,大暑
1966,0809,立秋
1966,0825,处暑
1966,0909,白露
1966,0924,秋分
1966,1010,寒露
1966,1025,霜降
1966,1109,立冬
1966,1124,小雪
1966,1208,大雪
1966,1223,冬至
1967,0107,小寒
1967,0122,大寒
1967,0205,立春
1967,0220,雨水
1967,0307,惊蛰
1967,0322,春分
1967,0406,清明
1967,0422,谷雨
1967,0507,立夏
1967,0523,小满
1967,0607,芒种
1967,0623,夏至
1967,0709,小暑
1967,0724,大暑
1967,0809,立秋
1967,0825,处暑
1967,0909,白露
1967,0925,秋分
1967,1010,寒露
1967,1025,霜降
1967,1109,立冬
1967,1124,小雪
1967,1209,大雪
1967,1223,冬至
1968,0107,小寒
1968,0122,大寒
1968,0206,立春
1968,0220,雨水
1968,0306,惊蛰
1968,0321,春分
1968,0406,清明
1968,0421,谷雨
1968,0506,立夏
1968,0522,小满
1968,0607,芒种
1968,0622,夏至
1968,0708,小暑
1968,0724,大暑
1968,0808,立秋
1968,0824,处暑
1968,0908,白露
1968,0924,秋分
1968,1009,寒露
1968,1024,霜降
1968,1108,立冬
1968,1123,小雪
1968,1208,大雪
1968,1223,冬至
1969,0106,小寒
1969,0121,大寒
1969,0205,立春
1969,0220,雨水
1969,0307,惊蛰
1969,0322,春分
1969,0406,清明
1969,0421,谷雨
1969,0507,立夏
1969,0522,小满
1969,0607,芒种
1969,0622,夏至
1969,0708,小暑
1969,0724,大暑
1969,0809,立秋
1969,0824,处暑
1969,0909,白露
1969,0924,秋分
1969,1009,寒露
1969,1024,霜降
1969,1108,立冬
1969,1123,小雪
1969,1208,大雪
1969,1223,冬至
1970,0106,小寒
1970,0120,大寒
1970,0204,立春
1970,0219,雨水
1970,0306,惊蛰
1970,0321,春分
1970,0405,清明
1970,0420,谷雨
1970,0506,立夏
1970,0521,小满
1970,0606,芒种
1970,0622,夏至
1970,0707,小暑
1970,0723,大暑
1970,0808,立秋
1970,0823,处暑
1970,0908,白露
1970,0923,秋分
1970,1009,寒露
1970,1024,霜降
1970,1108,立冬
1970,1123,小雪
1970,1207,大雪
1970,1222,冬至
1971,0106,小寒
1971,0121,大寒
1971,0204,立春
1971,0219,雨水
1971,0306,惊蛰
1971,0321,春分
1971,0405,清明
1971,0421,谷雨
1971,0506,立夏
1971,0522,小满
1971,0606,芒种
1971,0622,夏至
1971,0708,小暑
1971,0723,大暑
1971,0808,立秋
1971,0824,处暑
1971,0908,白露
1971,0924,秋分
1971,1009,寒露
1971,1024,霜降
1971,1108,立冬
1971,1123,小雪
1971,1208,大雪
1971,1222,冬至
1972,0106,小寒
1972,0121,大寒
1972,0205,立春
1972,0219,雨水
1972,0305,惊蛰
1972,0320,春分
1972,0405,清明
1972,0420,谷雨
1972,0505,立夏
1972,0521,小满
1972,0606,芒种
1972,0621,夏至
1972,0707,小暑
1972,0723,大暑
1972,0807,立秋
1972,0823,处暑
1972,0907,白露
1972,0923,秋分
1972,1008,寒露
1972,1023,霜降
1972,1107,立冬
1972,1122,小雪
1972,1207,大雪
1972,1222,冬至
1973,0105,小寒
1973,0120,大寒
1973,0204,立春
1973,0219,雨水
1973,0306,惊蛰
1973,0321,春分
1973,0405,清明
1973,0420,谷雨
1973,0506,立夏
1973,0521,小满
1973,0606,芒种
1973,0621,夏至
1973,0707,小暑
1973,0723,大暑
1973,0808,立秋
1973,0823,处暑
1973,0908,白露
1973,0923,秋分
1973,1008,寒露
1973,1023,霜降
1973,1107,立冬
1973,1122,小雪
1973,1207,大雪
1973,1222,冬至
1974,0106,小寒
1974,0120,大寒
1974,0204,立春
1974,0219,雨水
1974,0306,惊蛰
1974,0321,春分
1974,0405,清明
1974,0420,谷雨
1974,0506,立夏
1974,0521,小满
1974,0606,芒种
1974,0622,夏至
1974,0707,小暑
1974,0723,大暑
1974,0808,立秋
1974,0823,处暑
1974,0908,白露
1974,0923,秋分
1974,1009,寒露
1974,1024,霜降
1974,1108,立冬
1974,1123,小雪
1974,1207,大雪
1974,1222,冬至
1975,0106,小寒
1975,0121,大寒
1975,0204,立春
1975,0219,雨水
1975,0306,惊蛰
1975,0321,春分
1975,0405,清明
1975,0421,谷雨
1975,0506,立夏
1975,0522,小满
1975,0606,芒种
1975,0622,夏至
1975,0708,小暑
1975,0723,大暑
1975,0808,立秋
1975,0824,处暑
1975,0908,白露
1975,0924,秋分
1975,1009,寒露
1975,1024,霜降
1975,1108,立冬
1975,1123,小雪
1975,1208,大雪
1975,1222,冬至
1976,0106,小寒
1976,0121,大寒
1976,0205,立春
1976,0219,雨水
1976,0305,惊蛰
1976,0320,春分
1976,0405,清明
1976,0420,谷雨
1976,0505,立夏
1976,0521,小满
1976,0605,芒种
1976,0621,夏至
1976,0707,小暑
1976,0723,大暑
1976,0807,立秋
1976,0823,处暑
1976,0907,白露
1976,0923,秋分
1976,1008,寒露
1976,1023,霜降
1976,1107,立冬
1976,1122,小雪
1976,1207,大雪
1976,1222,冬至
1977,0105,小寒
1977,0120,大寒
1977,0204,立春
1977,0219,雨水
1977,0306,惊蛰
1977,0321,春分
1977,0405,清明
1977,0420,谷雨
1977,0506,立夏
1977,0521,小满
1977,0606,芒种
1977,0621,夏至
1977,0707,小暑
1977,0723,大暑
1977,0808,立秋
1977,0823,处暑
1977,0908,白露
1977,0923,秋分
1977,1008,寒露
1977,1023,霜降
1977,1107,立冬
1977,1122,小雪
1977,1207,大雪
1977,1222,冬至
1978,0106,小寒
1978,0120,大寒
1978,0204,立春
1978,0219,雨水
1978,0306,惊蛰
1978,0321,春分
1978,0405,清明
1978,0420,谷雨
1978,0506,立夏
1978,0521,小满
1978,0606,芒种
1978,0622,夏至
1978,0707,小暑
1978,0723,大暑
1978,0808,立秋
1978,0823,处暑
1978,0908,白露
1978,0923,秋分
1978,1009,寒露
1978,1024,霜降
1978,1108,立冬
1978,1123,小雪
1978,1207,大雪
1978,1222,冬至
1979,0106,小寒
1979,0120,大寒
1979,0204,立春
1979,0219,雨水
1979,0306,惊蛰
1979,0321,春分
1979,0405,清明
1979,0421,谷雨
1979,0506,立夏
1979,0522,小满
1979,0606,芒种
1979,0622,夏至
1979,0708,小暑
1979,0723,大暑
1979,0808,立秋
1979,0824,处暑
1979,0908,白露
1979,0924,秋分
1979,1009,寒露
1979,1024,霜降
1979,1108,立冬
1979,1123,小雪
1979,1208,大雪
1979,1222,冬至
1980,0106,小寒
1980,0121,大寒
1980,0204,立春
1980,0219,雨水
1980,0305,惊蛰
1980,0320,春分
1980,0404,清明
1980,0420,谷雨
1980,0505,立夏
1980,0521,小满
1980,0605,芒种
1980,0621,夏至
1980,0707,小暑
1980,0723,大暑
1980,0807,立秋
1980,0823,处暑
1980,0907,白露
1980,0923,秋分
1980,1008,寒露
1980,1023,霜降
1980,1107,立冬
1980,1122,小雪
1980,1207,大雪
1980,1222,冬至
1981,0105,小寒
1981,0120,大寒
1981,0204,立春
1981,0219,雨水
1981,0306,惊蛰
1981,0321,春分
1981,0405,清明
1981,0420,谷雨
1981,0505,立夏
1981,0521,小满
1981,0606,芒种
1981,0621,夏至
1981,0707,小暑
1981,0723,大暑
1981,0808,立秋
1981,0823,处暑
1981,0908,白露
1981,0923,秋分
1981,1008,寒露
1981,1023,霜降
1981,1107,立冬
1981,1122,小雪
1981,1207,大雪
1981,1222,冬至
1982,0105,小寒
1982,0120,大寒
1982,0204,立春
1982,0219,雨水
1982,0306,惊蛰
1982,0321,春分
1982,0405,清明
1982,0420,谷雨
1982,0506,立夏
1982,0521,小满
1982,0606,芒种
1982,0622,夏至
1982,0707,小暑
1982,0723,大暑
1982,0808,立秋
1982,0823,处暑
1982,0908,白露
1982,0923,秋分
1982,1008,寒露
1982,1024,霜降
1982,1108,立冬
1982,1122,小雪
1982,1207,大雪
1982,1222,冬至
1983,0106,小寒
1983,0120,大寒
1983,0204,立春
1983,0219,雨水
1983,0306,惊蛰
1983,0321,春分
1983,0405,清明
1983,0421,谷雨
1983,0506,立夏
1983,0522,小满
1983,0606,芒种
1983,0622,夏至
1983,0708,小暑
1983,0723,大暑
1983,0808,立秋
1983,0824,处暑
1983,0908,白露
1983,0923,秋分
1983,1009,寒露
1983,1024,霜降
1983,1108,立冬
1983,1123,小雪
1983,1208,大雪
1983,1222,冬至
1984,0106,小寒
1984,0121,大寒
1984,0204,立春
1984,0219,雨水
1984,0305,惊蛰
1984,0320,春分
1984,0404,清明
1984,0420,谷雨
1984,0505,立夏
1984,0521,小满
1984,0605,芒种
1984,0621,夏至
1984,0707,小暑
1984,0723,大暑
1984,0807,立秋
1984,0823,处暑
1984,0907,白露
1984,0923,秋分
1984,1008,寒露
1984,1023,霜降
1984,1107,立冬
1984,1122,小雪
1984,1207,大雪
1984,1222,冬至
1985,0105,小寒
1985,0120,大寒
1985,0204,立春
1985,0219,雨水
1985,0305,惊蛰
1985,0321,春分
1985,0405,清明
1985,0420,谷雨
1985,0505,立夏
1985,0521,小满
1985,0606,芒种
1985,0621,夏至
1985,0707,小暑
1985,0723,大暑
1985,0807,立秋
1985,0823,处暑
1985,0908,白露
1985,0923,秋分
1985,1008,寒露
1985,1023,霜降
1985,1107,立冬
1985,1122,小雪
1985,1207,大雪
1985,1222,冬至
1986,0105,小寒
1986,0120,大寒
1986,0204,立春
1986,0219,雨水
1986,0306,惊蛰
1986,0321,春分
1986,0405,清明
1986,0420,谷雨
1986,0506,立夏
1986,0521,小满
1986,0606,芒种
1986,0622,夏至
1986,0707,小暑
1986,0723,大暑
1986,0808,立秋
1986,0823,处暑
1986,0908,白露
1986,0923,秋分
1986,1008,寒露
1986,1024,霜降
1986,1108,立冬
1986,1122,小雪
1986,1207,大雪
1986,1222,冬至
1987,0106,小寒
1987,0120,大寒
1987,0204,立春
1987,0219,雨水
1987,0306,惊蛰
1987,0321,春分
1987,0405,清明
1987,0421,谷雨
1987,0506,立夏
1987,0522,小满
1987,0606,芒种
1987,0622,夏至
1987,0708,小暑
1987,0723,大暑
1987,0808,立秋
1987,0824,处暑
1987,0908,白露
1987,0923,秋分
1987,1009,寒露
1987,1024,霜降
1987,1108,立冬
1987,1123,小雪
1987,1207,大雪
1987,1222,冬至
1988,0106,小寒
1988,0121,大寒
1988,0204,立春
1988,0219,雨水
1988,0305,惊蛰
1988,0320,春分
1988,0404,清明
1988,0420,谷雨
1988,0505,立夏
1988,0521,小满
1988,0605,芒种
1988,0621,夏至
1988,0707,小暑
1988,0723,大暑
1988,0807,立秋
1988,0823,处暑
1988,0907,白露
1988,0923,秋分
1988,1008,寒露
1988,1023,霜降
1988,1107,立冬
1988,1122,小雪
1988,1207,大雪
1988,1221,冬至
1989,0105,小寒
1989,0120,大寒
1989,0204,立春
1989,0219,雨水
1989,0305,惊蛰
1989,0321,春分
1989,0405,清明
1989,0420,谷雨
1989,0505,立夏
1989,0521,小满
1989,0606,芒种
1989,0621,夏至
1989,0707,小暑
1989,0723,大暑
1989,0807,立秋
1989,0823,处暑
1989,0908,白露
1989,0923,秋分
1989,1008,寒露
1989,1023,霜降
1989,1107,立冬
1989,1122,小雪
1989,1207,大雪
1989,1222,冬至
1990,0105,小寒
1990,0120,大寒
1990,0204,立春
1990,0219,雨水
1990,0306,惊蛰
1990,0321,春分
1990,0405,清明
1990,0420,谷雨
1990,0506,立夏
1990,0521,小满
1990,0606,芒种
1990,0622,夏至
1990,0707,小暑
1990,0723,大暑
1990,0808,立秋
1990,0823,处暑
1990,0908,白露
1990,0923,秋分
1990,1008,寒露
1990,1024,霜降
1990,1108,立冬
1990,1122,小雪
1990,1207,大雪
1990,1222,冬至
1991,0106,小寒
1991,0120,大寒
1991,0204,立春
1991,0219,雨水
1991,0306,惊蛰
1991,0321,春分
1991,0405,清明
1991,0420,谷雨
1991,0506,立夏
1991,0521,小满
1991,0606,芒种
1991,0622,夏至
1991,0708,小暑
1991,0723,大暑
1991,0808,立秋
1991,0824,处暑
1991,0908,白露
1991,0923,秋分
1991,1009,寒露
1991,1024,霜降
1991,1108,立冬
1991,1123,小雪
1991,1207,大雪
1991,1222,冬至
1992,0106,小寒
1992,0121,大寒
1992,0204,立春
1992,0219,雨水
1992,0305,惊蛰
1992,0320,春分
1992,0404,清明
1992,0420,谷雨
1992,0505,立夏
1992,0521,小满
1992,0605,芒种
1992,0621,夏至
1992,0707,小暑
1992,0723,大暑
1992,0807,立秋
1992,0823,处暑
1992,0907,白露
1992,0923,秋分
1992,1008,寒露
1992,1023,霜降
1992,1107,立冬
1992,1122,小雪
1992,1207,大雪
1992,1221,冬至
1993,0105,小寒
1993,0120,大寒
1993,0204,立春
1993,0218,雨水
1993,0305,惊蛰
1993,0320,春分
1993,0405,清明
1993,0420,谷雨
1993,0505,立夏
1993,0521,小满
1993,0606,芒种
1993,0621,夏至
1993,0707,小暑
1993,0723,大暑
1993,0807,立秋
1993,0823,处暑
1993,0908,白露
1993,0923,秋分
1993,1008,寒露
1993,1023,霜降
1993,1107,立冬
1993,1122,小雪
1993,1207,大雪
1993,1222,冬至
1994,0105,小寒
1994,0120,大寒
1994,0204,立春
1994,0219,雨水
1994,0306,惊蛰
1994,0321,春分
1994,0405,清明
1994,0420,谷雨
1994,0506,立夏
1994,0521,小满
1994,0606,芒种
1994,0622,夏至
1994,0707,小暑
1994,0723,大暑
1994,0808,立秋
1994,0823,处暑
1994,0908,白露
1994,0923,秋分
1994,1008,寒露
1994,1024,霜降
1994,1108,立冬
1994,1122,小雪
1994,1207,大雪
1994,1222,冬至
1995,0106,小寒
1995,0120,大寒
1995,0204,立春
1995,0219,雨水
1995,0306,惊蛰
1995,0321,春分
1995,0405,清明
1995,0420,谷雨
1995,0506,立夏
1995,0521,小满
1995,0606,芒种
1995,0622,夏至
1995,0708,小暑
1995,0723,大暑
1995,0808,立秋
1995,0824,处暑
1995,0908,白露
1995,0923,秋分
1995,1009,寒露
1995,1024,霜降
1995,1108,立冬
1995,1123,小雪
1995,1207,大雪
1995,1222,冬至
1996,0106,小寒
1996,0121,大寒
1996,0204,立春
1996,0219,雨水
1996,0305,惊蛰
1996,0320,春分
1996,0404,清明
1996,0420,谷雨
1996,0505,立夏
1996,0521,小满
1996,0605,芒种
1996,0621,夏至
1996,0707,小暑
1996,0722,大暑
1996,0807,立秋
1996,0823,处暑
1996,0907,白露
1996,0923,秋分
1996,1008,寒露
1996,1023,霜降
1996,1107,立冬
1996,1122,小雪
1996,1207,大雪
1996,1221,冬至
1997,0105,小寒
1997,0120,大寒
1997,0204,立春
1997,0218,雨水
1997,0305,惊蛰
1997,0320,春分
1997,0405,清明
1997,0420,谷雨
1997,0505,立夏
1997,0521,小满
1997,0606,芒种
1997,0621,夏至
1997,0707,小暑
1997,0723,大暑
1997,0807,立秋
1997,0823,处暑
1997,0908,白露
1997,0923,秋分
1997,1008,寒露
1997,1023,霜降
1997,1107,立冬
1997,1122,小雪
1997,1207,大雪
1997,1222,冬至
1998,0105,小寒
1998,0120,大寒
1998,0204,立春
1998,0219,雨水
1998,0306,惊蛰
1998,0321,春分
1998,0405,清明
1998,0420,谷雨
1998,0506,立夏
1998,0521,小满
1998,0606,芒种
1998,0622,夏至
1998,0707,小暑
1998,0723,大暑
1998,0808,立秋
1998,0823,处暑
1998,0908,白露
1998,0923,秋分
1998,1008,寒露
1998,1023,霜降
1998,1107,立冬
1998,1122,小雪
1998,1207,大雪
1998,1222,冬至
1999,0106,小寒
1999,0120,大寒
1999,0204,立春
1999,0219,雨水
1999,0306,惊蛰
1999,0321,春分
1999,0405,清明
1999,0420,谷雨
1999,0506,立夏
1999,0521,小满
1999,0606,芒种
1999,0622,夏至
1999,0707,小暑
1999,0723,大暑
1999,0808,立秋
1999,0823,处暑
1999,0908,白露
1999,0923,秋分
1999,1009,寒露
1999,1024,霜降
1999,1108,立冬
1999,1123,小雪
1999,1207,大雪
1999,1222,冬至
2000,0106,小寒
2000,0121,大寒
2000,0204,立春
2000,0219,雨水
2000,0305,惊蛰
2000,0320,春分
2000,0404,清明
2000,0420,谷雨
2000,0505,立夏
2000,0521,小满
2000,0605,芒种
2000,0621,夏至
2000,0707,小暑
2000,0722,大暑
2000,0807,立秋
2000,0823,处暑
2000,0907,白露
2000,0923,秋分
2000,1008,寒露
2000,1023,霜降
2000,1107,立冬
2000,1122,小雪
2000,1207,大雪
2000,1221,冬至
2001,0105,小寒
2001,0120,大寒
2001,0204,立春
2001,0218,雨水
2001,0305,惊蛰
2001,0320,春分
2001,0405,清明
2001,0420,谷雨
2001,0505,立夏
2001,0521,小满
2001,0606,芒种
2001,0621,夏至
2001,0707,小暑
2001,0723,大暑
2001,0807,立秋
2001,0823,处暑
2001,0907,白露
2001,0923,秋分
2001,1008,寒露
2001,1023,霜降
2001,1107,立冬
2001,1122,小雪
2001,1207,大雪
2001,1222,冬至
2002,0105,小寒
2002,0120,大寒
2002,0204,立春
2002,0219,雨水
2002,0306,惊蛰
2002,0321,春分
2002,0405,清明
2002,0420,谷雨
2002,0506,立夏
2002,0521,小满
2002,0606,芒种
2002,0621,夏至
2002,0707,小暑
2002,0723,大暑
2002,0808,立秋
2002,0823,处暑
2002,0908,白露
2002,0923,秋分
2002,1008,寒露
2002,1023,霜降
2002,1107,立冬
2002,1122,小雪
2002,1207,大雪
2002,1222,冬至
2003,0106,小寒
2003,0120,大寒
2003,0204,立春
2003,0219,雨水
2003,0306,惊蛰
2003,0321,春分
2003,0405,清明
2003,0420,谷雨
2003,0506,立夏
2003,0521,小满
2003,0606,芒种
2003,0622,夏至
2003,0707,小暑
2003,0723,大暑
2003,0808,立秋
2003,0823,处暑
2003,0908,白露
2003,0923,秋分
2003,1009,寒露
2003,1024,霜降
2003,1108,立冬
2003,1123,小雪
2003,1207,大雪
2003,1222,冬至
2004,0106,小寒
2004,0121,大寒
2004,0204,立春
2004,0219,雨水
2004,0305,惊蛰
2004,0320,春分
2004,0404,清明
2004,0420,谷雨
2004,0505,立夏
2004,0521,小满
2004,0605,芒种
2004,0621,夏至
2004,0707,小暑
2004,0722,大暑
2004,0807,立秋
2004,0823,处暑
2004,0907,白露
2004,0923,秋分
2004,1008,寒露
2004,1023,霜降
2004,1107,立冬
2004,1122,小雪
2004,1207,大雪
2004,1221,冬至
2005,0105,小寒
2005,0120,大寒
2005,0204,立春
2005,0218,雨水
2005,0305,惊蛰
2005,0320,春分
2005,0405,清明
2005,0420,谷雨
2005,0505,立夏
2005,0521,小满
2005,0606,芒种
2005,0621,夏至
2005,0707,小暑
2005,0723,大暑
2005,0807,立秋
2005,0823,处暑
2005,0907,白露
2005,0923,秋分
2005,1008,寒露
2005,1023,霜降
2005,1107,立冬
2005,1122,小雪
2005,1207,大雪
2005,1222,冬至
2006,0105,小寒
2006,0120,大寒
2006,0204,立春
2006,0219,雨水
2006,0306,惊蛰
2006,0321,春分
2006,0405,清明
2006,0420,谷雨
2006,0506,立夏
2006,0521,小满
2006,0606,芒种
2006,0621,夏至
2006,0707,小暑
2006,0723,大暑
2006,0808,立秋
2006,0823,处暑
2006,0908,白露
2006,0923,秋分
2006,1008,寒露
2006,1023,霜降
2006,1107,立冬
2006,1122,小雪
2006,1207,大雪
2006,1222,冬至
2007,0106,小寒
2007,0120,大寒
2007,0204,立春
2007,0219,雨水
2007,0306,惊蛰
2007,0321,春分
2007,0405,清明
2007,0420,谷雨
2007,0506,立夏
2007,0521,小满
2007,0606,芒种
2007,0622,夏至
2007,0707,小暑
2007,0723,大暑
2007,0808,立秋
2007,0823,处暑
2007,0908,白露
2007,0923,秋分
2007,1009,寒露
2007,1024,霜降
2007,1108,立冬
2007,1123,小雪
2007,1207,大雪
2007,1222,冬至
2008,0106,小寒
2008,0121,大寒
2008,0204,立春
2008,0219,雨水
2008,0305,惊蛰
2008,0320,春分
2008,0404,清明
2008,0420,谷雨
2008,0505,立夏
2008,0521,小满
2008,0605,芒种
2008,0621,夏至
2008,0707,小暑
2008,0722,大暑
2008,0807,立秋
2008,0823,处暑
2008,0907,白露
2008,0923,秋分
2008,1008,寒露
2008,1023,霜降
2008,1107,立冬
2008,1122,小雪
2008,1207,大雪
2008,1221,冬至
2009,0105,小寒
2009,0120,大寒
2009,0204,立春
2009,0218,雨水
2009,0305,惊蛰
2009,0320,春分
2009,0405,清明
2009,0420,谷雨
2009,0505,立夏
2009,0521,小满
2009,0605,芒种
2009,0621,夏至
2009,0707,小暑
2009,0723,大暑
2009,0807,立秋
2009,0823,处暑
2009,0907,白露
2009,0923,秋分
2009,1008,寒露
2009,1023,霜降
2009,1107,立冬
2009,1122,小雪
2009,1207,大雪
2009,1222,冬至
2010,0105,小寒
2010,0120,大寒
2010,0204,立春
2010,0219,雨水
2010,0306,惊蛰
2010,0321,春分
2010,0405,清明
2010,0420,谷雨
2010,0506,立夏
2010,0521,小满
2010,0606,芒种
2010,0621,夏至
2010,0707,小暑
2010,0723,大暑
2010,0808,立秋
2010,0823,处暑
2010,0908,白露
2010,0923,秋分
2010,1008,寒露
2010,1023,霜降
2010,1107,立冬
2010,1122,小雪
2010,1207,大雪
2010,1222,冬至
2011,0106,小寒
2011,0120,大寒
2011,0204,立春
2011,0219,雨水
2011,0306,惊蛰
2011,0321,春分
2011,0405,清明
2011,0420,谷雨
2011,0506,立夏
2011,0521,小满
2011,0606,芒种
2011,0622,夏至
2011,0707,小暑
2011,0723,大暑
2011,0808,立秋
2011,0823,处暑
2011,0908,白露
2011,0923,秋分
2011,1009,寒露
2011,1024,霜降
2011,1108,立冬
2011,1123,小雪
2011,1207,大雪
2011,1222,冬至
2012,0106,小寒
2012,0120,大寒
2012,0204,立春
2012,0219,雨水
2012,0305,惊蛰
2012,0320,春分
2012,0404,清明
2012,0420,谷雨
2012,0505,立夏
2012,0521,小满
2012,0605,芒种
2012,0621,夏至
2012,0707,小暑
2012,0722,大暑
2012,0807,立秋
2012,0823,处暑
2012,0907,白露
2012,0923,秋分
2012,1008,寒露
2012,1023,霜降
2012,1107,立冬
2012,1122,小雪
2012,1207,大雪
2012,1221,冬至
2013,0105,小寒
2013,0120,大寒
2013,0203,立春
2013,0218,雨水
2013,0305,惊蛰
2013,0320,春分
2013,0404,清明
2013,0420,谷雨
2013,0505,立夏
2013,0521,小满
2013,0605,芒种
2013,0621,夏至
2013,0707,小暑
2013,0723,大暑
2013,0807,立秋
2013,0823,处暑
2013,0907,白露
2013,0923,秋分
2013,1008,寒露
2013,1023,霜降
2013,1107,立冬
2013,1122,小雪
2013,1207,大雪
2013,1222,冬至
2014,0105,小寒
2014,0120,大寒
2014,0204,立春
2014,0219,雨水
2014,0306,惊蛰
2014,0321,春分
2014,0405,清明
2014,0420,谷雨
2014,0505,立夏
2014,0521,小满
2014,0606,芒种
2014,0621,夏至
2014,0707,小暑
2014,0723,大暑
2014,0808,立秋
2014,0823,处暑
2014,0908,白露
2014,0923,秋分
2014,1008,寒露
2014,1023,霜降
2014,1107,立冬
2014,1122,小雪
2014,1207,大雪
2014,1222,冬至
2015,0105,小寒
2015,0120,大寒
2015,0204,立春
2015,0219,雨水
2015,0306,惊蛰
2015,0321,春分
2015,0405,清明
2015,0420,谷雨
2015,0506,立夏
2015,0521,小满
2015,0606,芒种
2015,0622,夏至
2015,0707,小暑
2015,0723,大暑
2015,0808,立秋
2015,0823,处暑
2015,0908,白露
2015,0923,秋分
2015,1008,寒露
2015,1024,霜降
2015,1108,立冬
2015,1122,小雪
2015,1207,大雪
2015,1222,冬至
2016,0106,小寒
2016,0120,大寒
2016,0204,立春
2016,0219,雨水
2016,0305,惊蛰
2016,0320,春分
2016,0404,清明
2016,0420,谷雨
2016,0505,立夏
2016,0521,小满
2016,0605,芒种
2016,0621,夏至
2016,0707,小暑
2016,0722,大暑
2016,0807,立秋
2016,0823,处暑
2016,0907,白露
2016,0922,秋分
2016,1008,寒露
2016,1023,霜降
2016,1107,立冬
2016,1122,小雪
2016,1207,大雪
2016,1221,冬至
2017,0105,小寒
2017,0120,大寒
2017,0203,立春
2017,0218,雨水
2017,0305,惊蛰
2017,0320,春分
2017,0404,清明
2017,0420,谷雨
2017,0505,立夏
2017,0521,小满
2017,0605,芒种
2017,0621,夏至
2017,0707,小暑
2017,0722,大暑
2017,0807,立秋
2017,0823,处暑
2017,0907,白露
2017,0923,秋分
2017,1008,寒露
2017,1023,霜降
2017,1107,立冬
2017,1122,小雪
2017,1207,大雪
2017,1222,冬至
2018,0105,小寒
2018,0120,大寒
2018,0204,立春
2018,0219,雨水
2018,0305,惊蛰
2018,0321,春分
2018,0405,清明
2018,0420,谷雨
2018,0505,立夏
2018,0521,小满
2018,0606,芒种
2018,0621,夏至
2018,0707,小暑
2018,0723,大暑
2018,0807,立秋
2018,0823,处暑
2018,0908,白露
2018,0923,秋分
2018,1008,寒露
2018,1023,霜降
2018,1107,立冬
2018,1122,小雪
2018,1207,大雪
2018,1222,冬至
2019,0105,小寒
2019,0120,大寒
2019,0204,立春
2019,0219,雨水
2019,0306,惊蛰
2019,0321,春分
2019,0405,清明
2019,0420,谷雨
2019,0506,立夏
2019,0521,小满
2019,0606,芒种
2019,0621,夏至
2019,0707,小暑
2019,0723,大暑
2019,0808,立秋
2019,0823,处暑
2019,0908,白露
2019,0923,秋分
2019,1008,寒露
2019,1024,霜降
2019,1108,立冬
2019,1122,小雪
2019,1207,大雪
2019,1222,冬至
2020,0106,小寒
2020,0120,大寒
2020,0204,立春
2020,0219,雨水
2020,0305,惊蛰
2020,0320,春分
2020,0404,清明
2020,0419,谷雨
2020,0505,立夏
2020,0520,小满
2020,0605,芒种
2020,0621,夏至
2020,0707,小暑
2020,0722,大暑
2020,0807,立秋
2020,0823,处暑
2020,0907,白露
2020,0922,秋分
2020,1008,寒露
2020,1023,霜降
2020,1107,立冬
2020,1122,小雪
2020,1206,大雪
2020,1221,冬至
2021,0105,小寒
2021,0120,大寒
2021,0203,立春
2021,0218,雨水
2021,0305,惊蛰
2021,0320,春分
2021,0404,清明
2021,0420,谷雨
2021,0505,立夏
2021,0521,小满
2021,0605,芒种
2021,0621,夏至
2021,0707,小暑
2021,0723,大暑
2021,0807,立秋
2021,0823,处暑
2021,0907,白露
2021,0923,秋分
2021,1008,寒露
2021,1023,霜降
2021,1107,立冬
2021,1122,小雪
2021,1207,大雪
2021,1221,冬至
2022,0105,小寒
2022,0120,大寒
2022,0204,立春
2022,0219,雨水
2022,0305,惊蛰
2022,0320,春分
2022,0405,清明
2022,0420,谷雨
2022,0505,立夏
2022,0521,小满
2022,0606,芒种
2022,0621,夏至
2022,0707,小暑
2022,0723,大暑
2022,0807,立秋
2022,0823,处暑
2022,0908,白露
2022,0923,秋分
2022,1008,寒露
2022,1023,霜降
2022,1107,立冬
2022,1122,小雪
2022,1207,大雪
2022,1222,冬至
2023,0105,小寒
2023,0120,大寒
2023,0204,立春
2023,0219,雨水
2023,0306,惊蛰
2023,0321,春分
2023,0405,清明
2023,0420,谷雨
2023,0506,立夏
2023,0521,小满
2023,0606,芒种
2023,0622,夏至
2023,0707,小暑
2023,0723,大暑
2023,0808,立秋
2023,0823,处暑
2023,0908,白露
2023,0923,秋分
2023,1008,寒露
2023,1024,霜降
2023,1108,立冬
2023,1122,小雪
2023,1207,大雪
2023,1222,冬至
2024,0106,小寒
2024,0120,大寒
2024,0204,立春
2024,0219,雨水
2024,0305,惊蛰
2024,0320,春分
2024,0404,清明
2024,0419,谷雨
2024,0505,立夏
2024,0520,小满
2024,0605,芒种
2024,0621,夏至
2024,0707,小暑
2024,0722,大暑
2024,0807,立秋
2024,0823,处暑
2024,0907,白露
2024,0922,秋分
2024,1008,寒露
2024,1023,霜降
2024,1107,立冬
2024,1122,小雪
2024,1206,大雪
2024,1221,冬至
2025,0105,小寒
2025,0120,大寒
2025,0203,立春
2025,0218,雨水
2025,0305,惊蛰
2025,0320,春分
2025,0404,清明
2025,0420,谷雨
2025,0505,立夏
2025,0521,小满
2025,0605,芒种
2025,0621,夏至
2025,0707,小暑
2025,0723,大暑
2025,0807,立秋
2025,0823,处暑
2025,0907,白露
2025,0923,秋分
2025,1008,寒露
2025,1023,霜降
2025,1107,立冬
2025,1122,小雪
2025,1207,大雪
2025,1221,冬至
2026,0105,小寒
2026,0120,大寒
2026,0204,立春
2026,0218,雨水
2026,0305,惊蛰
2026,0320,春分
2026,0405,清明
2026,0420,谷雨
2026,0505,立夏
2026,0521,小满
2026,0606,芒种
2026,0621,夏至
2026,0707,小暑
2026,0723,大暑
2026,0807,立秋
2026,0823,处暑
2026,0908,白露
2026,0923,秋分
2026,1008,寒露
2026,1023,霜降
2026,1107,立冬
2026,1122,小雪
2026,1207,大雪
2026,1222,冬至
2027,0105,小寒
2027,0120,大寒
2027,0204,立春
2027,0219,雨水
2027,0306,惊蛰
2027,0321,春分
2027,0405,清明
2027,0420,谷雨
2027,0506,立夏
2027,0521,小满
2027,0606,芒种
2027,0622,夏至
2027,0707,小暑
2027,0723,大暑
2027,0808,立秋
2027,0823,处暑
2027,0908,白露
2027,0923,秋分
2027,1008,寒露
2027,1024,霜降
2027,1107,立冬
2027,1122,小雪
2027,1207,大雪
2027,1222,冬至
2028,0106,小寒
2028,0120,大寒
2028,0204,立春
2028,0219,雨水
2028,0305,惊蛰
2028,0320,春分
2028,0404,清明
2028,0419,谷雨
2028,0505,立夏
2028,0520,小满
2028,0605,芒种
2028,0621,夏至
2028,0707,小暑
2028,0722,大暑
2028,0807,立秋
2028,0823,处暑
2028,0907,白露
2028,0922,秋分
2028,1008,寒露
2028,1023,霜降
2028,1107,立冬
2028,1122,小雪
2028,1206,大雪
2028,1221,冬至
2029,0105,小寒
2029,0120,大寒
2029,0203,立春
2029,0218,雨水
2029,0305,惊蛰
2029,0320,春分
2029,0404,清明
2029,0420,谷雨
2029,0505,立夏
2029,0521,小满
2029,0605,芒种
2029,0621,夏至
2029,0707,小暑
2029,0722,大暑
2029,0807,立秋
2029,0823,处暑
2029,0907,白露
2029,0923,秋分
2029,1008,寒露
2029,1023,霜降
2029,1107,立冬
2029,1122,小雪
2029,1207,大雪
2029,1221,冬至
2030,0105,小寒
2030,0120,大寒
2030,0204,立春
2030,0218,雨水
2030,0305,惊蛰
2030,0320,春分
2030,0405,清明
2030,0420,谷雨
2030,0505,立夏
2030,0521,小满
2030,0606,芒种
2030,0621,夏至
2030,0707,小暑
2030,0723,大暑
2030,0807,立秋
2030,0823,处暑
2030,0907,白露
2030,0923,秋分
2030,1008,寒露
2030,1023,霜降
2030,1107,立冬
2030,1122,小雪
2030,1207,大雪
2030,1222,冬至
2031,0105,小寒
2031,0120,大寒
2031,0204,立春
2031,0219,雨水
2031,0306,惊蛰
2031,0321,春分
2031,0405,清明
2031,0420,谷雨
2031,0506,立夏
2031,0521,小满
2031,0606,芒种
2031,0622,夏至
2031,0707,小暑
2031,0723,大暑
2031,0808,立秋
2031,0823,处暑
2031,0908,白露
2031,0923,秋分
2031,1008,寒露
2031,1023,霜降
2031,1107,立冬
2031,1122,小雪
2031,1207,大雪
2031,1222,冬至
2032,0106,小寒
2032,0120,大寒
2032,0204,立春
2032,0219,雨水
2032,0305,惊蛰
2032,0320,春分
2032,0404,清明
2032,0419,谷雨
2032,0505,立夏
2032,0520,小满
2032,0605,芒种
2032,0621,夏至
2032,0706,小暑
2032,0722,大暑
2032,0807,立秋
2032,0822,处暑
2032,0907,白露
2032,0922,秋分
2032,1008,寒露
2032,1023,霜降
2032,1107,立冬
2032,1122,小雪
2032,1206,大雪
2032,1221,冬至
2033,0105,小寒
2033,0120,大寒
2033,0203,立春
2033,0218,雨水
2033,0305,惊蛰
2033,0320,春分
2033,0404,清明
2033,0420,谷雨
2033,0505,立夏
2033,0521,小满
2033,0605,芒种
2033,0621,夏至
2033,0707,小暑
2033,0722,大暑
2033,0807,立秋
2033,0823,处暑
2033,0907,白露
2033,0923,秋分
2033,1008,寒露
2033,1023,霜降
2033,1107,立冬
2033,1122,小雪
2033,1207,大雪
2033,1221,冬至
2034,0105,小寒
2034,0120,大寒
2034,0204,立春
2034,0218,雨水
2034,0305,惊蛰
2034,0320,春分
2034,0405,清明
2034,0420,谷雨
2034,0505,立夏
2034,0521,小满
2034,0606,芒种
2034,0621,夏至
2034,0707,小暑
2034,0723,大暑
2034,0807,立秋
2034,0823,处暑
2034,0907,白露
2034,0923,秋分
2034,1008,寒露
2034,1023,霜降
2034,1107,立冬
2034,1122,小雪
2034,1207,大雪
2034,1222,冬至
2035,0105,小寒
2035,0120,大寒
2035,0204,立春
2035,0219,雨水
2035,0306,惊蛰
2035,0321,春分
2035,0405,清明
2035,0420,谷雨
2035,0506,立夏
2035,0521,小满
2035,0606,芒种
2035,0621,夏至
2035,0707,小暑
2035,0723,大暑
2035,0808,立秋
2035,0823,处暑
2035,0908,白露
2035,0923,秋分
2035,1008,寒露
2035,1023,霜降
2035,1107,立冬
2035,1122,小雪
2035,1207,大雪
2035,1222,冬至
2036,0106,小寒
2036,0120,大寒
2036,0204,立春
2036,0219,雨水
2036,0305,惊蛰
2036,0320,春分
2036,0404,清明
2036,0419,谷雨
2036,0505,立夏
2036,0520,小满
2036,0605,芒种
2036,0621,夏至
2036,0706,小暑
2036,0722,大暑
2036,0807,立秋
2036,0822,处暑
2036,0907,白露
2036,0922,秋分
2036,1008,寒露
2036,1023,霜降
2036,1107,立冬
2036,1122,小雪
2036,1206,大雪
2036,1221,冬至
2037,0105,小寒
2037,0120,大寒
2037,0203,立春
2037,0218,雨水
2037,0305,惊蛰
2037,0320,春分
2037,0404,清明
2037,0420,谷雨
2037,0505,立夏
2037,0521,小满
2037,0605,芒种
2037,0621,夏至
2037,0707,小暑
2037,0722,大暑
2037,0807,立秋
2037,0823,处暑
2037,0907,白露
2037,0923,秋分
2037,1008,寒露
2037,1023,霜降
2037,1107,立冬
2037,1122,小雪
2037,1207,大雪
2037,1221,冬至
2038,0105,小寒
2038,0120,大寒
2038,0204,立春
2038,0218,雨水
2038,0305,惊蛰
2038,0320,春分
2038,0405,清明
2038,0420,谷雨
2038,0505,立夏
2038,0521,小满
2038,0605,芒种
2038,0621,夏至
2038,0707,小暑
2038,0723,大暑
2038,0807,立秋
2038,0823,处暑
2038,0907,白露
2038,0923,秋分
2038,1008,寒露
2038,1023,霜降
2038,1107,立冬
2038,1122,小雪
2038,1207,大雪
2038,1222,冬至
2039,0105,小寒
2039,0120,大寒
2039,0204,立春
2039,0219,雨水
2039,0306,惊蛰
2039,0321,春分
2039,0405,清明
2039,0420,谷雨
2039,0506,立夏
2039,0521,小满
2039,0606,芒种
2039,0621,夏至
2039,0707,小暑
2039,0723,大暑
2039,0808,立秋
2039,0823,处暑
2039,0908,白露
2039,0923,秋分
2039,1008,寒露
2039,1023,霜降
2039,1107,立冬
2039,1122,小雪
2039,1207,大雪
2039,1222,冬至
2040,0106,小寒
2040,0120,大寒
2040,0204,立春
2040,0219,雨水
2040,0305,惊蛰
2040,0320,春分
2040,0404,清明
2040,0419,谷雨
2040,0505,立夏
2040,0520,小满
2040,0605,芒种
2040,0621,夏至
2040,0706,小暑
2040,0722,大暑
2040,0807,立秋
2040,0822,处暑
2040,0907,白露
2040,0922,秋分
2040,1008,寒露
2040,1023,霜降
2040,1107,立冬
2040,1122,小雪
2040,1206,大雪
2040,1221,冬至
2041,0105,小寒
2041,0120,大寒
2041,0203,立春
2041,0218,雨水
2041,0305,惊蛰
2041,0320,春分
2041,0404,清明
2041,0420,谷雨
2041,0505,立夏
2041,0521,小满
2041,0605,芒种
2041,0621,夏至
2041,0707,小暑
2041,0722,大暑
2041,0807,立秋
2041,0823,处暑
2041,0907,白露
2041,0923,秋分
2041,1008,寒露
2041,1023,霜降
2041,1107,立冬
2041,1122,小雪
2041,1207,大雪
2041,1221,冬至
2042,0105,小寒
2042,0120,大寒
2042,0204,立春
2042,0218,雨水
2042,0305,惊蛰
2042,0320,春分
2042,0405,清明
2042,0420,谷雨
2042,0505,立夏
2042,0521,小满
2042,0605,芒种
2042,0621,夏至
2042,0707,小暑
2042,0723,大暑
2042,0807,立秋
2042,0823,处暑
2042,0907,白露
2042,0923,秋分
2042,1008,寒露
2042,1023,霜降
2042,1107,立冬
2042,1122,小雪
2042,1207,大雪
2042,1222,冬至
2043,0105,小寒
2043,0120,大寒
2043,0204,立春
2043,0219,雨水
2043,0306,惊蛰
2043,0321,春分
2043,0405,清明
2043,0420,谷雨
2043,0506,立夏
2043,0521,小满
2043,0606,芒种
2043,0621,夏至
2043,0707,小暑
2043,0723,大暑
2043,0808,立秋
2043,0823,处暑
2043,0908,白露
2043,0923,秋分
2043,1008,寒露
2043,1023,霜降
2043,1107,立冬
2043,1122,小雪
2043,1207,大雪
2043,1222,冬至
2044,0106,小寒
2044,0120,大寒
2044,0204,立春
2044,0219,雨水
2044,0305,惊蛰
2044,0320,春分
2044,0404,清明
2044,0419,谷雨
2044,0505,立夏
2044,0520,小满
2044,0605,芒种
2044,0621,夏至
2044,0706,小暑
2044,0722,大暑
2044,0807,立秋
2044,0822,处暑
2044,0907,白露
2044,0922,秋分
2044,1008,寒露
2044,1023,霜降
2044,1107,立冬
2044,1121,小雪
2044,1206,大雪
2044,1221,冬至
2045,0105,小寒
2045,0119,大寒
2045,0203,立春
2045,0218,雨水
2045,0305,惊蛰
2045,0320,春分
2045,0404,清明
2045,0420,谷雨
2045,0505,立夏
2045,0521,小满
2045,0605,芒种
2045,0621,夏至
2045,0707,小暑
2045,0722,大暑
2045,0807,立秋
2045,0823,处暑
2045,0907,白露
2045,0923,秋分
2045,1008,寒露
2045,1023,霜降
2045,1107,立冬
2045,1122,小雪
2045,1207,大雪
2045,1221,冬至
2046,0105,小寒
2046,0120,大寒
2046,0203,立春
2046,0218,雨水
2046,0305,惊蛰
2046,0320,春分
2046,0404,清明
2046,0420,谷雨
2046,0505,立夏
2046,0521,小满
2046,0605,芒种
2046,0621,夏至
2046,0707,小暑
2046,0723,大暑
2046,0807,立秋
2046,0823,处暑
2046,0907,白露
2046,0923,秋分
2046,1008,寒露
2046,1023,霜降
2046,1107,立冬
2046,1122,小雪
2046,1207,大雪
2046,1222,冬至
2047,0105,小寒
2047,0120,大寒
2047,0204,立春
2047,0219,雨水
2047,0305,惊蛰
2047,0321,春分
2047,0405,清明
2047,0420,谷雨
2047,0505,立夏
2047,0521,小满
2047,0606,芒种
2047,0621,夏至
2047,0707,小暑
2047,0723,大暑
2047,0808,立秋
2047,0823,处暑
2047,0908,白露
2047,0923,秋分
2047,1008,寒露
2047,1023,霜降
2047,1107,立冬
2047,1122,小雪
2047,1207,大雪
2047,1222,冬至
2048,0105,小寒
2048,0120,大寒
2048,0204,立春
2048,0219,雨水
2048,0305,惊蛰
2048,0320,春分
2048,0404,清明
2048,0419,谷雨
2048,0505,立夏
2048,0520,小满
2048,0605,芒种
2048,0621,夏至
2048,0706,小暑
2048,0722,大暑
2048,0807,立秋
2048,0822,处暑
2048,0907,白露
2048,0922,秋分
2048,1007,寒露
2048,1023,霜降
2048,1107,立冬
2048,1121,小雪
2048,1206,大雪
2048,1221,冬至
2049,0105,小寒
2049,0119,大寒
2049,0203,立春
2049,0218,雨水
2049,0305,惊蛰
2049,0320,春分
2049,0404,清明
2049,0420,谷雨
2049,0505,立夏
2049,0521,小满
2049,0605,芒种
2049,0621,夏至
2049,0707,小暑
2049,0722,大暑
2049,0807,立秋
2049,0823,处暑
2049,0907,白露
2049,0922,秋分
2049,1008,寒露
2049,1023,霜降
2049,1107,立冬
2049,1122,小雪
2049,1207,大雪
2049,1221,冬至
2050,0105,小寒
2050,0120,大寒
2050,0203,立春
2050,0218,雨水
2050,0305,惊蛰
2050,0320,春分
2050,0404,清明
2050,0420,谷雨
2050,0505,立夏
2050,0521,小满
2050,0605,芒种
2050,0621,夏至
2050,0707,小暑
2050,0723,大暑
2050,0807,立秋
2050,0823,处暑
2050,0907,白露
2050,0923,秋分
2050,1008,寒露
2050,1023,霜降
2050,1107,立冬
2050,1122,小雪
2050,1207,大雪
2050,1221,冬至
2051,0105,小寒
2051,0120,大寒
2051,0204,立春
2051,0219,雨水
2051,0305,惊蛰
2051,0321,春分
2051,0405,清明
2051,0420,谷雨
2051,0505,立夏
2051,0521,小满
2051,0606,芒种
2051,0621,夏至
2051,0707,小暑
2051,0723,大暑
2051,0807,立秋
2051,0823,处暑
2051,0908,白露
2051,0923,秋分
2051,1008,寒露
2051,1023,霜降
2051,1107,立冬
2051,1122,小雪
2051,1207,大雪
2051,1222,冬至
2052,0105,小寒
2052,0120,大寒
2052,0204,立春
2052,0219,雨水
2052,0305,惊蛰
2052,0320,春分
2052,0404,清明
2052,0419,谷雨
2052,0505,立夏
2052,0520,小满
2052,0605,芒种
2052,0621,夏至
2052,0706,小暑
2052,0722,大暑
2052,0807,立秋
2052,0822,处暑
2052,0907,白露
2052,0922,秋分
2052,1007,寒露
2052,1023,霜降
2052,1107,立冬
2052,1121,小雪
2052,1206,大雪
2052,1221,冬至
2053,0105,小寒
2053,0119,大寒
2053,0203,立春
2053,0218,雨水
2053,0305,惊蛰
2053,0320,春分
2053,0404,清明
2053,0419,谷雨
2053,0505,立夏
2053,0520,小满
2053,0605,芒种
2053,0621,夏至
2053,0707,小暑
2053,0722,大暑
2053,0807,立秋
2053,0823,处暑
2053,0907,白露
2053,0922,秋分
2053,1008,寒露
2053,1023,霜降
2053,1107,立冬
2053,1122,小雪
2053,1206,大雪
2053,1221,冬至
2054,0105,小寒
2054,0120,大寒
2054,0203,立春
2054,0218,雨水
2054,0305,惊蛰
2054,0320,春分
2054,0404,清明
2054,0420,谷雨
2054,0505,立夏
2054,0521,小满
2054,0605,芒种
2054,0621,夏至
2054,0707,小暑
2054,0723,大暑
2054,0807,立秋
2054,0823,处暑
2054,0907,白露
2054,0923,秋分
2054,1008,寒露
2054,1023,霜降
2054,1107,立冬
2054,1122,小雪
2054,1207,大雪
2054,1221,冬至
2055,0105,小寒
2055,0120,大寒
2055,0204,立春
2055,0219,雨水
2055,0305,惊蛰
2055,0320,春分
2055,0405,清明
2055,0420,谷雨
2055,0505,立夏
2055,0521,小满
2055,0606,芒种
2055,0621,夏至
2055,0707,小暑
2055,0723,大暑
2055,0807,立秋
2055,0823,处暑
2055,0908,白露
2055,0923,秋分
2055,1008,寒露
2055,1023,霜降
2055,1107,立冬
2055,1122,小雪
2055,1207,大雪
2055,1222,冬至
2056,0105,小寒
2056,0120,大寒
2056,0204,立春
2056,0219,雨水
2056,0305,惊蛰
2056,0320,春分
2056,0404,清明
2056,0419,谷雨
2056,0505,立夏
2056,0520,小满
2056,0605,芒种
2056,0621,夏至
2056,0706,小暑
2056,0722,大暑
2056,0807,立秋
2056,0822,处暑
2056,0907,白露
2056,0922,秋分
2056,1007,寒露
2056,1023,霜降
2056,1107,立冬
2056,1121,小雪
2056,1206,大雪
2056,1221,冬至
2057,0105,小寒
2057,0119,大寒
2057,0203,立春
2057,0218,雨水
2057,0305,惊蛰
2057,0320,春分
2057,0404,清明
2057,0419,谷雨
2057,0505,立夏
2057,0520,小满
2057,0605,芒种
2057,0621,夏至
2057,0707,小暑
2057,0722,大暑
2057,0807,立秋
2057,0823,处暑
2057,0907,白露
2057,0922,秋分
2057,1008,寒露
2057,1023,霜降
2057,1107,立冬
2057,1122,小雪
2057,1206,大雪
2057,1221,冬至
2058,0105,小寒
2058,0120,大寒
2058,0203,立春
2058,0218,雨水
2058,0305,惊蛰
2058,0320,春分
2058,0404,清明
2058,0420,谷雨
2058,0505,立夏
2058,0521,小满
2058,0605,芒种
2058,0621,夏至
2058,0707,小暑
2058,0723,大暑
2058,0807,立秋
2058,0823,处暑
2058,0907,白露
2058,0923,秋分
2058,1008,寒露
2058,1023,霜降
2058,1107,立冬
2058,1122,小雪
2058,1207,大雪
2058,1221,冬至
2059,0105,小寒
2059,0120,大寒
2059,0204,立春
2059,0218,雨水
2059,0305,惊蛰
2059,0320,春分
2059,0405,清明
2059,0420,谷雨
2059,0505,立夏
2059,0521,小满
2059,0606,芒种
2059,0621,夏至
2059,0707,小暑
2059,0723,大暑
2059,0807,立秋
2059,0823,处暑
2059,0908,白露
2059,0923,秋分
2059,1008,寒露
2059,1023,霜降
2059,1107,立冬
2059,1122,小雪
2059,1207,大雪
2059,1222,冬至
2060,0105,小寒
2060,0120,大寒
2060,0204,立春
2060,0219,雨水
2060,0305,惊蛰
2060,0320,春分
2060,0404,清明
2060,0419,谷雨
2060,0505,立夏
2060,0520,小满
2060,0605,芒种
2060,0621,夏至
2060,0706,小暑
2060,0722,大暑
2060,0807,立秋
2060,0822,处暑
2060,0907,白露
2060,0922,秋分
2060,1007,寒露
2060,1023,霜降
2060,1106,立冬
2060,1121,小雪
2060,1206,大雪
2060,1221,冬至
2061,0105,小寒
2061,0119,大寒
2061,0203,立春
2061,0218,雨水
2061,0305,惊蛰
2061,0320,春分
2061,0404,清明
2061,0419,谷雨
2061,0505,立夏
2061,0520,小满
2061,0605,芒种
2061,0621,夏至
2061,0707,小暑
2061,0722,大暑
2061,0807,立秋
2061,0823,处暑
2061,0907,白露
2061,0922,秋分
2061,1008,寒露
2061,1023,霜降
2061,1107,立冬
2061,1122,小雪
2061,1206,大雪
2061,1221,冬至
2062,0105,小寒
2062,0120,大寒
2062,0203,立春
2062,0218,雨水
2062,0305,惊蛰
2062,0320,春分
2062,0404,清明
2062,0420,谷雨
2062,0505,立夏
2062,0521,小满
2062,0605,芒种
2062,0621,夏至
2062,0707,小暑
2062,0722,大暑
2062,0807,立秋
2062,0823,处暑
2062,0907,白露
2062,0923,秋分
2062,1008,寒露
2062,1023,霜降
2062,1107,立冬
2062,1122,小雪
2062,1207,大雪
2062,1221,冬至
2063,0105,小寒
2063,0120,大寒
2063,0204,立春
2063,0218,雨水
2063,0305,惊蛰
2063,0320,春分
2063,0405,清明
2063,0420,谷雨
2063,0505,立夏
2063,0521,小满
2063,0606,芒种
2063,0621,夏至
2063,0707,小暑
2063,0723,大暑
2063,0807,立秋
2063,0823,处暑
2063,0907,白露
2063,0923,秋分
2063,1008,寒露
2063,1023,霜降
2063,1107,立冬
2063,1122,小雪
2063,1207,大雪
2063,1222,冬至
2064,0105,小寒
2064,0120,大寒
2064,0204,立春
2064,0219,雨水
2064,0305,惊蛰
2064,0320,春分
2064,0404,清明
2064,0419,谷雨
2064,0505,立夏
2064,0520,小满
2064,0605,芒种
2064,0620,夏至
2064,0706,小暑
2064,0722,大暑
2064,0807,立秋
2064,0822,处暑
2064,0907,白露
2064,0922,秋分
2064,1007,寒露
2064,1022,霜降
2064,1106,立冬
2064,1121,小雪
2064,1206,大雪
2064,1221,冬至
2065,0105,小寒
2065,0119,大寒
2065,0203,立春
2065,0218,雨水
2065,0305,惊蛰
2065,0320,春分
2065,0404,清明
2065,0419,谷雨
2065,0505,立夏
2065,0520,小满
2065,0605,芒种
2065,0621,夏至
2065,0706,小暑
2065,0722,大暑
2065,0807,立秋
2065,0822,处暑
2065,0907,白露
2065,0922,秋分
2065,1008,寒露
2065,1023,霜降
2065,1107,立冬
2065,1122,小雪
2065,1206,大雪
2065,1221,冬至
2066,0105,小寒
2066,0120,大寒
2066,0203,立春
2066,0218,雨水
2066,0305,惊蛰
2066,0320,春分
2066,0404,清明
2066,0420,谷雨
2066,0505,立夏
2066,0521,小满
2066,0605,芒种
2066,0621,夏至
2066,0707,小暑
2066,0722,大暑
2066,0807,立秋
2066,0823,处暑
2066,0907,白露
2066,0923,秋分
2066,1008,寒露
2066,1023,霜降
2066,1107,立冬
2066,1122,小雪
2066,1207,大雪
2066,1221,冬至
2067,0105,小寒
2067,0120,大寒
2067,0204,立春
2067,0218,雨水
2067,0305,惊蛰
2067,0320,春分
2067,0405,清明
2067,0420,谷雨
2067,0505,立夏
2067,0521,小满
2067,0606,芒种
2067,0621,夏至
2067,0707,小暑
2067,0723,大暑
2067,0807,立秋
2067,0823,处暑
2067,0907,白露
2067,0923,秋分
2067,1008,寒露
2067,1023,霜降
2067,1107,立冬
2067,1122,小雪
2067,1207,大雪
2067,1222,冬至
2068,0105,小寒
2068,0120,大寒
2068,0204,立春
2068,0219,雨水
2068,0305,惊蛰
2068,0320,春分
2068,0404,清明
2068,0419,谷雨
2068,0505,立夏
2068,0520,小满
2068,0605,芒种
2068,0620,夏至
2068,0706,小暑
2068,0722,大暑
2068,0807,立秋
2068,0822,处暑
2068,0907,白露
2068,0922,秋分
2068,1007,寒露
2068,1022,霜降
2068,1106,立冬
2068,1121,小雪
2068,1206,大雪
2068,1221,冬至
2069,0105,小寒
2069,0119,大寒
2069,0203,立春
2069,0218,雨水
2069,0305,惊蛰
2069,0320,春分
2069,0404,清明
2069,0419,谷雨
2069,0505,立夏
2069,0520,小满
2069,0605,芒种
2069,0621,夏至
2069,0706,小暑
2069,0722,大暑
2069,0807,立秋
2069,0822,处暑
2069,0907,白露
2069,0922,秋分
2069,1008,寒露
2069,1023,霜降
2069,1107,立冬
2069,1122,小雪
2069,1206,大雪
2069,1221,冬至
2070,0105,小寒
2070,0120,大寒
2070,0203,立春
2070,0218,雨水
2070,0305,惊蛰
2070,0320,春分
2070,0404,清明
2070,0420,谷雨
2070,0505,立夏
2070,0521,小满
2070,0605,芒种
2070,0621,夏至
2070,0707,小暑
2070,0722,大暑
2070,0807,立秋
2070,0823,处暑
2070,0907,白露
2070,0923,秋分
2070,1008,寒露
2070,1023,霜降
2070,1107,立冬
2070,1122,小雪
2070,1207,大雪
2070,1221,冬至
2071,0105,小寒
2071,0120,大寒
2071,0204,立春
2071,0218,雨水
2071,0305,惊蛰
2071,0320,春分
2071,0405,清明
2071,0420,谷雨
2071,0505,立夏
2071,0521,小满
2071,0605,芒种
2071,0621,夏至
2071,0707,小暑
2071,0723,大暑
2071,0807,立秋
2071,0823,处暑
2071,0907,白露
2071,0923,秋分
2071,1008,寒露
2071,1023,霜降
2071,1107,立冬
2071,1122,小雪
2071,1207,大雪
2071,1222,冬至
2072,0105,小寒
2072,0120,大寒
2072,0204,立春
2072,0219,雨水
2072,0305,惊蛰
2072,0320,春分
2072,0404,清明
2072,0419,谷雨
2072,0505,立夏
2072,0520,小满
2072,0605,芒种
2072,0620,夏至
2072,0706,小暑
2072,0722,大暑
2072,0807,立秋
2072,0822,处暑
2072,0907,白露
2072,0922,秋分
2072,1007,寒露
2072,1022,霜降
2072,1106,立冬
2072,1121,小雪
2072,1206,大雪
2072,1221,冬至
2073,0105,小寒
2073,0119,大寒
2073,0203,立春
2073,0218,雨水
2073,0305,惊蛰
2073,0320,春分
2073,0404,清明
2073,0419,谷雨
2073,0505,立夏
2073,0520,小满
2073,0605,芒种
2073,0621,夏至
2073,0706,小暑
2073,0722,大暑
2073,0807,立秋
2073,0822,处暑
2073,0907,白露
2073,0922,秋分
2073,1008,寒露
2073,1023,霜降
2073,1107,立冬
2073,1122,小雪
2073,1206,大雪
2073,1221,冬至
2074,0105,小寒
2074,0120,大寒
2074,0203,立春
2074,0218,雨水
2074,0305,惊蛰
2074,0320,春分
2074,0404,清明
2074,0420,谷雨
2074,0505,立夏
2074,0521,小满
2074,0605,芒种
2074,0621,夏至
2074,0707,小暑
2074,0722,大暑
2074,0807,立秋
2074,0823,处暑
2074,0907,白露
2074,0923,秋分
2074,1008,寒露
2074,1023,霜降
2074,1107,立冬
2074,1122,小雪
2074,1207,大雪
2074,1221,冬至
2075,0105,小寒
2075,0120,大寒
2075,0204,立春
2075,0218,雨水
2075,0305,惊蛰
2075,0320,春分
2075,0405,清明
2075,0420,谷雨
2075,0505,立夏
2075,0521,小满
2075,0605,芒种
2075,0621,夏至
2075,0707,小暑
2075,0723,大暑
2075,0807,立秋
2075,0823,处暑
2075,0907,白露
2075,0923,秋分
2075,1008,寒露
2075,1023,霜降
2075,1107,立冬
2075,1122,小雪
2075,1207,大雪
2075,1222,冬至
2076,0105,小寒
2076,0120,大寒
2076,0204,立春
2076,0219,雨水
2076,0305,惊蛰
2076,0320,春分
2076,0404,清明
2076,0419,谷雨
2076,0505,立夏
2076,0520,小满
2076,0605,芒种
2076,0620,夏至
2076,0706,小暑
2076,0722,大暑
2076,0807,立秋
2076,0822,处暑
2076,0907,白露
2076,0922,秋分
2076,1007,寒露
2076,1022,霜降
2076,1106,立冬
2076,1121,小雪
2076,1206,大雪
2076,1221,冬至
2077,0104,小寒
2077,0119,大寒
2077,0203,立春
2077,0218,雨水
2077,0305,惊蛰
2077,0320,春分
2077,0404,清明
2077,0419,谷雨
2077,0505,立夏
2077,0520,小满
2077,0605,芒种
2077,0621,夏至
2077,0706,小暑
2077,0722,大暑
2077,0807,立秋
2077,0822,处暑
2077,0907,白露
2077,0922,秋分
2077,1008,寒露
2077,1023,霜降
2077,1107,立冬
2077,1121,小雪
2077,1206,大雪
2077,1221,冬至
2078,0105,小寒
2078,0119,大寒
2078,0203,立春
2078,0218,雨水
2078,0305,惊蛰
2078,0320,春分
2078,0404,清明
2078,0420,谷雨
2078,0505,立夏
2078,0521,小满
2078,0605,芒种
2078,0621,夏至
2078,0707,小暑
2078,0722,大暑
2078,0807,立秋
2078,0823,处暑
2078,0907,白露
2078,0923,秋分
2078,1008,寒露
2078,1023,霜降
2078,1107,立冬
2078,1122,小雪
2078,1207,大雪
2078,1221,冬至
2079,0105,小寒
2079,0120,大寒
2079,0203,立春
2079,0218,雨水
2079,0305,惊蛰
2079,0320,春分
2079,0404,清明
2079,0420,谷雨
2079,0505,立夏
2079,0521,小满
2079,0605,芒种
2079,0621,夏至
2079,0707,小暑
2079,0723,大暑
2079,0807,立秋
2079,0823,处暑
2079,0907,白露
2079,0923,秋分
2079,1008,寒露
2079,1023,霜降
2079,1107,立冬
2079,1122,小雪
2079,1207,大雪
2079,1222,冬至
2080,0105,小寒
2080,0120,大寒
2080,0204,立春
2080,0219,雨水
2080,0304,惊蛰
2080,0320,春分
2080,0404,清明
2080,0419,谷雨
2080,0504,立夏
2080,0520,小满
2080,0605,芒种
2080,0620,夏至
2080,0706,小暑
2080,0722,大暑
2080,0807,立秋
2080,0822,处暑
2080,0907,白露
2080,0922,秋分
2080,1007,寒露
2080,1022,霜降
2080,1106,立冬
2080,1121,小雪
2080,1206,大雪
2080,1221,冬至
2081,0104,小寒
2081,0119,大寒
2081,0203,立春
2081,0218,雨水
2081,0305,惊蛰
2081,0320,春分
2081,0404,清明
2081,0419,谷雨
2081,0505,立夏
2081,0520,小满
2081,0605,芒种
2081,0621,夏至
2081,0706,小暑
2081,0722,大暑
2081,0807,立秋
2081,0822,处暑
2081,0907,白露
2081,0922,秋分
2081,1007,寒露
2081,1023,霜降
2081,1107,立冬
2081,1121,小雪
2081,1206,大雪
2081,1221,冬至
2082,0105,小寒
2082,0119,大寒
2082,0203,立春
2082,0218,雨水
2082,0305,惊蛰
2082,0320,春分
2082,0404,清明
2082,0420,谷雨
2082,0505,立夏
2082,0521,小满
2082,0605,芒种
2082,0621,夏至
2082,0707,小暑
2082,0722,大暑
2082,0807,立秋
2082,0823,处暑
2082,0907,白露
2082,0922,秋分
2082,1008,寒露
2082,1023,霜降
2082,1107,立冬
2082,1122,小雪
2082,1206,大雪
2082,1221,冬至
2083,0105,小寒
2083,0120,大寒
2083,0203,立春
2083,0218,雨水
2083,0305,惊蛰
2083,0320,春分
2083,0404,清明
2083,0420,谷雨
2083,0505,立夏
2083,0521,小满
2083,0605,芒种
2083,0621,夏至
2083,0707,小暑
2083,0723,大暑
2083,0807,立秋
2083,0823,处暑
2083,0907,白露
2083,0923,秋分
2083,1008,寒露
2083,1023,霜降
2083,1107,立冬
2083,1122,小雪
2083,1207,大雪
2083,1221,冬至
2084,0105,小寒
2084,0120,大寒
2084,0204,立春
2084,0219,雨水
2084,0304,惊蛰
2084,0320,春分
2084,0404,清明
2084,0419,谷雨
2084,0504,立夏
2084,0520,小满
2084,0605,芒种
2084,0620,夏至
2084,0706,小暑
2084,0722,大暑
2084,0806,立秋
2084,0822,处暑
2084,0907,白露
2084,0922,秋分
2084,1007,寒露
2084,1022,霜降
2084,1106,立冬
2084,1121,小雪
2084,1206,大雪
2084,1221,冬至
2085,0104,小寒
2085,0119,大寒
2085,0203,立春
2085,0218,雨水
2085,0305,惊蛰
2085,0320,春分
2085,0404,清明
2085,0419,谷雨
2085,0505,立夏
2085,0520,小满
2085,0605,芒种
2085,0621,夏至
2085,0706,小暑
2085,0722,大暑
2085,0807,立秋
2085,0822,处暑
2085,0907,白露
2085,0922,秋分
2085,1007,寒露
2085,1023,霜降
2085,1107,立冬
2085,1121,小雪
2085,1206,大雪
2085,1221,冬至
2086,0105,小寒
2086,0119,大寒
2086,0203,立春
2086,0218,雨水
2086,0305,惊蛰
2086,0320,春分
2086,0404,清明
2086,0419,谷雨
2086,0505,立夏
2086,0520,小满
2086,0605,芒种
2086,0621,夏至
2086,0707,小暑
2086,0722,大暑
2086,0807,立秋
2086,0823,处暑
2086,0907,白露
2086,0922,秋分
2086,1008,寒露
2086,1023,霜降
2086,1107,立冬
2086,1122,小雪
2086,1206,大雪
2086,1221,冬至
2087,0105,小寒
2087,0120,大寒
2087,0203,立春
2087,0218,雨水
2087,0305,惊蛰
2087,0320,春分
2087,0404,清明
2087,0420,谷雨
2087,0505,立夏
2087,0521,小满
2087,0605,芒种
2087,0621,夏至
2087,0707,小暑
2087,0723,大暑
2087,0807,立秋
2087,0823,处暑
2087,0907,白露
2087,0923,秋分
2087,1008,寒露
2087,1023,霜降
2087,1107,立冬
2087,1122,小雪
2087,1207,大雪
2087,1221,冬至
2088,0105,小寒
2088,0120,大寒
2088,0204,立春
2088,0218,雨水
2088,0304,惊蛰
2088,0319,春分
2088,0404,清明
2088,0419,谷雨
2088,0504,立夏
2088,0520,小满
2088,0605,芒种
2088,0620,夏至
2088,0706,小暑
2088,0722,大暑
2088,0806,立秋
2088,0822,处暑
2088,0907,白露
2088,0922,秋分
2088,1007,寒露
2088,1022,霜降
2088,1106,立冬
2088,1121,小雪
2088,1206,大雪
2088,1221,冬至
2089,0104,小寒
2089,0119,大寒
2089,0203,立春
2089,0218,雨水
2089,0305,惊蛰
2089,0320,春分
2089,0404,清明
2089,0419,谷雨
2089,0505,立夏
2089,0520,小满
2089,0605,芒种
2089,0621,夏至
2089,0706,小暑
2089,0722,大暑
2089,0807,立秋
2089,0822,处暑
2089,0907,白露
2089,0922,秋分
2089,1007,寒露
2089,1023,霜降
2089,1107,立冬
2089,1121,小雪
2089,1206,大雪
2089,1221,冬至
2090,0105,小寒
2090,0119,大寒
2090,0203,立春
2090,0218,雨水
2090,0305,惊蛰
2090,0320,春分
2090,0404,清明
2090,0419,谷雨
2090,0505,立夏
2090,0520,小满
2090,0605,芒种
2090,0621,夏至
2090,0707,小暑
2090,0722,大暑
2090,0807,立秋
2090,0823,处暑
2090,0907,白露
2090,0922,秋分
2090,1008,寒露
2090,1023,霜降
2090,1107,立冬
2090,1122,小雪
2090,1206,大雪
2090,1221,冬至
2091,0105,小寒
2091,0120,大寒
2091,0203,立春
2091,0218,雨水
2091,0305,惊蛰
2091,0320,春分
2091,0404,清明
2091,0420,谷雨
2091,0505,立夏
2091,0521,小满
2091,0605,芒种
2091,0621,夏至
2091,0707,小暑
2091,0722,大暑
2091,0807,立秋
2091,0823,处暑
2091,0907,白露
2091,0923,秋分
2091,1008,寒露
2091,1023,霜降
2091,1107,立冬
2091,1122,小雪
2091,1207,大雪
2091,1221,冬至
2092,0105,小寒
2092,0120,大寒
2092,0204,立春
2092,0218,雨水
2092,0304,惊蛰
2092,0319,春分
2092,0404,清明
2092,0419,谷雨
2092,0504,立夏
2092,0520,小满
2092,0605,芒种
2092,0620,夏至
2092,0706,小暑
2092,0722,大暑
2092,0806,立秋
2092,0822,处暑
2092,0907,白露
2092,0922,秋分
2092,1007,寒露
2092,1022,霜降
2092,1106,立冬
2092,1121,小雪
2092,1206,大雪
2092,1221,冬至
2093,0104,小寒
2093,0119,大寒
2093,0203,立春
2093,0218,雨水
2093,0305,惊蛰
2093,0320,春分
2093,0404,清明
2093,0419,谷雨
2093,0505,立夏
2093,0520,小满
2093,0605,芒种
2093,0621,夏至
2093,0706,小暑
2093,0722,大暑
2093,0807,立秋
2093,0822,处暑
2093,0907,白露
2093,0922,秋分
2093,1007,寒露
2093,1022,霜降
2093,1106,立冬
2093,1121,小雪
2093,1206,大雪
2093,1221,冬至
2094,0105,小寒
2094,0119,大寒
2094,0203,立春
2094,0218,雨水
2094,0305,惊蛰
2094,0320,春分
2094,0404,清明
2094,0419,谷雨
2094,0505,立夏
2094,0520,小满
2094,0605,芒种
2094,0621,夏至
2094,0706,小暑
2094,0722,大暑
2094,0807,立秋
2094,0823,处暑
2094,0907,白露
2094,0922,秋分
2094,1008,寒露
2094,1023,霜降
2094,1107,立冬
2094,1122,小雪
2094,1206,大雪
2094,1221,冬至
2095,0105,小寒
2095,0120,大寒
2095,0203,立春
2095,0218,雨水
2095,0305,惊蛰
2095,0320,春分
2095,0404,清明
2095,0420,谷雨
2095,0505,立夏
2095,0521,小满
2095,0605,芒种
2095,0621,夏至
2095,0707,小暑
2095,0722,大暑
2095,0807,立秋
2095,0823,处暑
2095,0907,白露
2095,0923,秋分
2095,1008,寒露
2095,1023,霜降
2095,1107,立冬
2095,1122,小雪
2095,1207,大雪
2095,1221,冬至
2096,0105,小寒
2096,0120,大寒
2096,0204,立春
2096,0218,雨水
2096,0304,惊蛰
2096,0319,春分
2096,0404,清明
2096,0419,谷雨
2096,0504,立夏
2096,0520,小满
2096,0605,芒种
2096,0620,夏至
2096,0706,小暑
2096,0722,大暑
2096,0806,立秋
2096,0822,处暑
2096,0906,白露
2096,0922,秋分
2096,1007,寒露
2096,1022,霜降
2096,1106,立冬
2096,1121,小雪
2096,1206,大雪
2096,1221,冬至
2097,0104,小寒
2097,0119,大寒
2097,0203,立春
2097,0218,雨水
2097,0305,惊蛰
2097,0320,春分
2097,0404,清明
2097,0419,谷雨
2097,0505,立夏
2097,0520,小满
2097,0605,芒种
2097,0620,夏至
2097,0706,小暑
2097,0722,大暑
2097,0807,立秋
2097,0822,处暑
2097,0907,白露
2097,0922,秋分
2097,1007,寒露
2097,1022,霜降
2097,1106,立冬
2097,1121,小雪
2097,1206,大雪
2097,1221,冬至
2098,0105,小寒
2098,0119,大寒
2098,0203,立春
2098,0218,雨水
2098,0305,惊蛰
2098,0320,春分
2098,0404,清明
2098,0419,谷雨
2098,0505,立夏
2098,0520,小满
2098,0605,芒种
2098,0621,夏至
2098,0706,小暑
2098,0722,大暑
2098,0807,立秋
2098,0822,处暑
2098,0907,白露
2098,0922,秋分
2098,1008,寒露
2098,1023,霜降
2098,1107,立冬
2098,1122,小雪
2098,1206,大雪
2098,1221,冬至
2099,0105,小寒
2099,0120,大寒
2099,0203,立春
2099,0218,雨水
2099,0305,惊蛰
2099,0320,春分
2099,0404,清明
2099,0420,谷雨
2099,0505,立夏
2099,0521,小满
2099,0605,芒种
2099,0621,夏至
2099,0707,小暑
2099,0722,大暑
2099,0807,立秋
2099,0823,处暑
2099,0907,白露
2099,0923,秋分
2099,1008,寒露
2099,1023,霜降
2099,1107,立冬
2099,1122,小雪
2099,1207,大雪
2099,1221,冬至
2100,0105,小寒
2100,0120,大寒
2100,0204,立春
2100,0218,雨水
2100,0305,惊蛰
2100,0320,春分
2100,0405,清明
2100,0420,谷雨
2100,0505,立夏
2100,0521,小满
2100,0606,芒种
2100,0621,夏至
2100,0707,小暑
2100,0723,大暑
2100,0807,立秋
2100,0823,处暑
2100,0907,白露
2100,0923,秋分
2100,1008,寒露
2100,1023,霜降
2100,1107,立冬
2100,1122,小雪
2100,1207,大雪
2100,1222,冬至
